Acousticness,Danceability,Duration (ms),Energy,Instrumentalness,Key,Liveness,Loudness,Mode,Speechiness,Tempo,Time Signature,Valence,target,Track Name,Artist Name(s)
0.28,0.724,207333,0.647,0.0,1,0.102,-5.642,1,0.0658,106.96,4,0.435,0,"thank u, next",Ariana Grande
0.0223,0.702,203760,0.635,0.0,11,0.283,-6.917,0,0.265,144.004,4,0.873,0,Sorry Not Sorry,Demi Lovato
0.0316,0.774,246240,0.739,5.95e-06,0,0.119,-4.022,1,0.0952,126.002,4,0.823,0,Shout Out to My Ex,Little Mix
0.12,0.66,200717,0.767,0.0,2,0.181,-3.016,1,0.261,181.819,4,0.554,0,"Sit Still, Look Pretty",Daya
0.000673,0.738,219733,0.875,0.000556,7,0.285,-3.141,1,0.127,114.962,4,0.538,0,Wings,Little Mix
0.00155,0.607,205745,0.747,0.000342,3,0.136,-6.241,1,0.0667,130.061,4,0.336,0,Confident,Demi Lovato
0.00621,0.813,171413,0.872,0.0,9,0.0498,-5.224,1,0.107,103.016,4,0.736,0,BO$$,Fifth Harmony
0.283,0.703,199320,0.747,0.0,0,0.396,-4.446,0,0.0895,149.974,4,0.7,0,Bang Bang,"Jessie J,Ariana Grande,Nicki Minaj"
0.0322,0.777,211786,0.898,0.0,4,0.313,-4.461,1,0.0581,111.996,4,0.866,0,Black Magic,Little Mix
0.0029,0.616,218773,0.765,0.0,0,0.149,-6.75,0,0.078,122.916,4,0.343,0,Love Myself,Hailee Steinfeld
0.177,0.754,229720,0.854,0.0,5,0.0808,-3.449,0,0.0608,75.002,4,0.8,0,Woman Like Me (feat. Nicki Minaj),"Little Mix,Nicki Minaj"
0.0444,0.64,202946,0.753,0.0,4,0.494,-3.929,1,0.108,101.794,4,0.531,0,Touch (feat. Kid Ink),"Little Mix,Kid Ink"
0.0345,0.586,242293,0.865,5.55e-06,7,0.165,-4.092,1,0.319,172.917,4,0.468,0,Power (feat. Stormzy),"Little Mix,Stormzy"
0.0777,0.709,225200,0.779,7.47e-06,7,0.306,-3.534,0,0.0464,102.024,4,0.701,0,No More Sad Songs (feat. Machine Gun Kelly),"Little Mix,mgk"
0.00857,0.697,209280,0.841,4.41e-05,7,0.661,-4.339,1,0.0397,153.962,4,0.696,0,Hair,Little Mix
0.0992,0.641,236013,0.732,0.0,2,0.285,-5.324,1,0.051,82.027,4,0.352,0,Salute,Little Mix
0.00496,0.732,236093,0.899,4.64e-05,0,0.372,-4.237,1,0.143,127.091,4,0.759,0,Run the World (Girls),Beyoncé
0.0478,0.756,204400,0.572,0.0,9,0.0853,-7.019,1,0.0763,102.986,4,0.417,0,Most Girls,Hailee Steinfeld
0.0348,0.732,218250,0.922,0.0,6,0.146,-1.829,0,0.0975,120.033,4,0.589,0,Just Got Paid,"Sigala,Ella Eyre,Meghan Trainor,French Montana"
0.692,0.622,218640,0.392,0.0,0,0.123,-6.269,1,0.028,120.096,4,0.547,0,Rainbow,Kesha
0.15,0.703,193613,0.868,0.132,7,0.104,-4.661,0,0.0291,121.03,4,0.733,0,Pretty Girl - Cheat Codes X CADE Remix,"Maggie Lindemann,Cheat Codes,CADE"
0.0403,0.836,217946,0.544,0.0,7,0.0824,-5.975,1,0.0943,97.028,4,0.51,0,IDGAF,Dua Lipa
0.165,0.874,213946,0.67,0.0,11,0.185,-6.064,0,0.126,124.011,4,0.68,0,You Don't Know Me,"Jax Jones,RAYE"
0.0103,0.868,151632,0.55,0.000297,11,0.108,-8.926,0,0.363,151.917,4,0.201,0,Rules,Killumantii
0.809,0.512,144426,0.499,2.22e-05,0,0.284,-6.485,1,0.0519,78.907,4,0.51,0,Almost There - From The Princess and the Frog / Soundtrack Version,Anika Noni Rose
0.193,0.579,190946,0.904,0.0,5,0.064,-2.729,1,0.0618,82.014,4,0.681,0,High Hopes,Panic! At The Disco
0.297,0.752,201660,0.488,9.11e-06,6,0.0936,-7.05,1,0.0705,136.041,4,0.533,0,Without Me,Halsey
0.489,0.543,230266,0.39,0.0,10,0.111,-7.202,1,0.0322,73.415,4,0.303,0,Praying,Kesha
0.119,0.64,220780,0.533,0.0,0,0.0864,-6.596,1,0.0706,99.968,4,0.515,0,It Ain’t Me (with Selena Gomez),"Kygo,Selena Gomez"
0.0277,0.518,186453,0.861,1.42e-06,11,0.249,-4.002,1,0.0673,141.986,4,0.457,0,She's So Gone,Naomi Scott
0.307,0.643,191605,0.766,1.38e-05,6,0.107,-4.788,0,0.384,97.092,4,0.463,0,Chun-Li,Nicki Minaj
0.265,0.728,214280,0.483,1.48e-06,2,0.0886,-6.726,0,0.0473,62.48,4,0.575,0,River,Bishop Briggs
0.058,0.776,180466,0.9,0.0,0,0.256,-3.97,1,0.0382,127.051,4,0.963,0,Oh No!,MARINA
0.479,0.697,180566,0.552,0.127,1,0.147,-10.271,0,0.196,75.235,4,0.278,0,you should see me in a crown,Billie Eilish
0.353,0.679,194711,0.388,9.25e-05,4,0.341,-10.977,0,0.0932,124.909,4,0.234,0,COPYCAT,Billie Eilish
0.205,0.626,202620,0.88,0.0,9,0.128,-2.384,0,0.0504,95.079,4,0.534,0,FRIENDS,"Marshmello,Anne-Marie"
0.285,0.59,217840,0.908,0.0,8,0.36,-3.789,1,0.084,160.028,4,0.874,0,Girl In A Country Song,Maddie & Tae
0.564,0.587,209226,0.59,0.0,2,0.115,-10.221,1,0.689,78.701,4,0.426,0,So Much Better,"Laura Bell Bundy,'Legally Blonde' Ensemble"
0.0466,0.742,221176,0.882,0.0,7,0.206,-2.862,1,0.117,102.04,4,0.463,0,No Lie,"Sean Paul,Dua Lipa"
0.0549,0.564,204013,0.714,0.0,7,0.155,-4.987,1,0.129,175.924,4,0.33,0,Fight Song,Rachel Platten
0.0285,0.573,230226,0.739,0.0,0,0.111,-5.74,1,0.129,97.085,4,0.451,0,Scars To Your Beautiful,Alessia Cara
0.235,0.435,245960,0.92,0.000353,4,0.552,-1.357,0,0.201,188.899,4,0.45,0,Fighter,Christina Aguilera
0.00487,0.554,223546,0.772,6.6e-06,7,0.354,-4.821,0,0.0418,179.984,4,0.455,0,Roar,Katy Perry
0.0472,0.757,218234,0.678,9.14e-06,8,0.0654,-5.529,0,0.233,120.075,4,0.82,0,Ain't Your Mama,Jennifer Lopez
0.437,0.564,237840,0.703,0.00927,2,0.358,-5.459,1,0.269,139.045,4,0.477,0,Feeling Myself,"Nicki Minaj,Beyoncé"
0.256,0.682,159735,0.919,0.0,0,0.442,-3.18,0,0.0875,95.982,4,0.535,0,Good as Hell,Lizzo
0.000354,0.667,216160,0.922,0.0,5,0.0867,-4.645,1,0.0353,130.01,4,0.761,0,Part Of Me,Katy Perry
0.0861,0.655,214786,0.623,0.000346,11,0.0652,-6.302,0,0.116,175.973,4,0.615,0,Miss Independent,Kelly Clarkson
0.0188,0.654,178583,0.796,0.0,2,0.0948,-4.761,0,0.122,108.854,4,0.491,0,Blow Your Mind (Mwah),Dua Lipa
0.0468,0.553,203474,0.639,0.0,11,0.107,-6.445,1,0.0458,101.418,4,0.442,0,Rise,Katy Perry
0.11,0.715,173325,0.624,0.0,4,0.123,-3.046,0,0.114,158.087,4,0.412,0,Truth Hurts,Lizzo
0.0509,0.781,219305,0.728,1.94e-06,1,0.257,-4.981,1,0.0621,102.99,4,0.395,0,Bitch Better Have My Money,Rihanna
0.00327,0.587,260252,0.828,0.0,11,0.331,-5.108,1,0.161,123.907,4,0.494,0,Born This Way,Lady Gaga
0.0064,0.687,214840,0.702,4.35e-05,7,0.204,-5.324,0,0.0455,129.956,4,0.284,0,Break Free,"Ariana Grande,Zedd"
0.00775,0.638,162398,0.688,0.0,1,0.126,-4.056,0,0.0407,129.856,4,0.434,0,Kings & Queens,Ava Max
0.0233,0.602,197546,0.658,6e-05,1,0.237,-5.934,1,0.0558,145.031,4,0.268,0,God is a woman,Ariana Grande
0.0843,0.682,195613,0.927,0.0,4,0.149,-2.915,1,0.0479,101.019,4,0.744,0,Who Says,Selena Gomez & The Scene
0.0444,0.743,196360,0.765,0.0417,5,0.667,-3.588,0,0.039,114.991,4,0.34,0,Woman (feat. The Dap-Kings Horns),"Kesha,The Dap-Kings Horns"
0.0598,0.722,179146,0.773,0.0,5,0.179,-4.378,0,0.0792,94.997,4,0.724,0,S.L.U.T.,Bea Miller
0.0181,0.726,210035,0.869,0.00022,6,0.332,-3.978,1,0.0638,112.966,4,0.529,0,Badass Woman - From The Motion Picture The Hustle,Meghan Trainor
0.00611,0.767,195144,0.889,0.0,7,0.402,-2.988,1,0.0963,119.93,4,0.843,0,Juice,Lizzo
0.103,0.745,186520,0.642,0.0,6,0.0335,-4.138,0,0.0506,120.063,4,0.35,0,Not Your Barbie Girl,Ava Max
0.127,0.707,134239,0.955,0.0,10,0.202,-4.593,0,0.222,125.989,4,0.575,0,Boss Bitch,Doja Cat
0.107,0.847,227386,0.603,7.4e-06,0,0.106,-4.607,0,0.0397,114.045,4,0.735,0,successful,Ariana Grande
0.298,0.668,159011,0.892,0.0,5,0.735,-3.001,0,0.0645,95.927,4,0.478,0,Good as Hell (feat. Ariana Grande),"Lizzo,Ariana Grande"
0.0226,0.826,152862,0.658,0.0,6,0.0417,-3.846,1,0.0517,115.022,4,0.523,0,No Excuses,Meghan Trainor
0.0114,0.632,215413,0.702,0.0,7,0.108,-5.92,1,0.148,162.958,4,0.523,0,Just Like Fire (From the Original Motion Picture Alice Through The Looking Glass),P!nk
0.805,0.398,253342,0.316,0.0,1,0.295,-7.031,1,0.0368,118.582,4,0.174,0,Rise Up,Andra Day
0.0175,0.795,191133,0.908,1.01e-05,1,0.0418,-3.126,1,0.165,115.034,4,0.63,0,Not That Kinda Girl (feat. Missy Elliott),"Fifth Harmony,Missy Elliott"
0.467,0.474,208800,0.489,0.0,6,0.119,-7.625,0,0.0342,124.844,4,0.23,0,Speechless (Full),Naomi Scott
0.192,0.743,209423,0.72,0.000386,11,0.109,-3.753,1,0.124,163.99,4,0.519,0,Black Widow,"Iggy Azalea,Rita Ora"
0.0053,0.808,172426,0.581,1.19e-05,11,0.0828,-5.43,1,0.07,130.012,4,0.758,0,Love So Soft,Kelly Clarkson
0.241,0.64,234413,0.659,8.33e-06,8,0.484,-7.273,1,0.215,136.804,4,0.457,0,Flawless Remix (feat. Nicki Minaj),"Beyoncé,Nicki Minaj"
0.0167,0.694,184857,0.807,0.0,2,0.547,-3.183,1,0.0888,144.031,4,0.797,0,Like a Girl,Lizzo
0.0294,0.654,200106,0.655,0.0,11,0.139,-7.388,0,0.106,170.16,4,0.221,0,Bad Blood,"Taylor Swift,Kendrick Lamar"
0.00628,0.713,235127,0.801,1.5e-06,7,0.825,-5.781,1,0.0483,153.984,4,0.727,0,Hair (feat. Sean Paul),"Little Mix,Sean Paul"
0.204,0.766,211853,0.709,1.41e-05,9,0.126,-6.471,0,0.123,128.07,4,0.506,0,Look What You Made Me Do,Taylor Swift
0.0432,0.612,164586,0.691,0.0,0,0.19,-4.932,0,0.12,175.003,4,0.25,0,I'm a Lady - from SMURFS: THE LOST VILLAGE,Meghan Trainor
0.0679,0.696,238253,0.602,2.11e-05,0,0.0696,-6.156,0,0.159,82.989,4,0.305,0,I Did Something Bad,Taylor Swift
0.103,0.803,214480,0.585,3.94e-06,8,0.0644,-5.861,1,0.0432,105.017,4,0.593,0,Work from Home (feat. Ty Dolla $ign),"Fifth Harmony,Ty Dolla $ign"
0.0416,0.688,209186,0.723,0.0002,6,0.302,-6.682,0,0.121,140.023,4,0.618,0,Replay,Zendaya
0.468,0.737,172324,0.802,0.0,0,0.0931,-4.771,1,0.0878,144.015,4,0.682,0,positions,Ariana Grande
0.237,0.83,173710,0.585,0.0,0,0.248,-6.476,1,0.094,109.978,4,0.485,0,34+35,Ariana Grande
0.36,0.487,201882,0.534,0.0,0,0.1,-5.664,0,0.0555,131.798,4,0.173,0,pov,Ariana Grande
0.04,0.699,205920,0.713,3.11e-06,9,0.294,-5.507,0,0.0594,121.993,4,0.354,0,no tears left to cry,Ariana Grande
0.0224,0.547,181868,0.693,0.0,6,0.523,-6.404,1,0.0264,79.963,4,0.716,0,Raise Hell,Dorothy
0.00454,0.622,219720,0.469,2.25e-06,3,0.0335,-6.798,0,0.0363,77.019,4,0.679,0,I Knew You Were Trouble.,Taylor Swift
0.0527,0.613,208186,0.764,0.0,2,0.197,-6.509,1,0.136,160.015,4,0.417,0,...Ready For It?,Taylor Swift
0.334,0.334,216391,0.617,0.0,6,0.163,-5.834,0,0.383,85.227,4,0.603,0,Crying in the Club,Camila Cabello
0.429,0.662,220026,0.636,0.0,6,0.0945,-4.754,0,0.0427,89.979,4,0.869,0,Cheap Thrills,The Bellas
0.00451,0.847,154786,0.656,0.000854,2,0.143,-4.976,1,0.115,114.001,4,0.234,0,Wasabi,Little Mix
0.592,0.778,178626,0.317,0.0,1,0.0881,-10.732,0,0.334,140.048,4,0.327,0,7 rings,Ariana Grande
0.0372,0.566,247840,0.855,0.000157,7,0.181,-4.016,1,0.211,172.966,4,0.517,0,Power,Little Mix
0.375,0.655,184226,0.782,0.0,1,0.317,-4.789,1,0.185,79.427,4,0.832,0,Dear Future Husband,Meghan Trainor
0.0369,0.838,173386,0.683,0.0,10,0.638,-6.205,0,0.146,119.982,4,0.458,0,Whole Lotta Woman,Kelly Clarkson
0.0211,0.568,198160,0.656,1.37e-05,8,0.213,-5.413,1,0.0433,100.049,4,0.364,0,breathin,Ariana Grande
0.177,0.795,223040,0.75,0.0,1,0.0875,-3.604,1,0.0526,115.005,4,0.762,0,Dancing In The Dark - From The Home Soundtrack,Rihanna
0.0142,0.69,221493,0.897,0.0,11,0.108,-4.696,0,0.0506,140.05,4,0.849,0,How to Be a Heartbreaker,MARINA
0.0421,0.726,190440,0.554,0.0,5,0.106,-5.29,0,0.0917,169.999,4,0.335,0,"break up with your girlfriend, i'm bored",Ariana Grande
0.00681,0.529,173920,0.906,7.34e-05,5,0.318,-3.515,1,0.0695,165.888,4,0.474,0,What a Girl Is,Cast - Liv and Maddie
0.00072,0.569,222360,0.975,0.00203,1,0.127,-3.873,1,0.244,194.072,4,0.342,0,Bubble Pop Electric,"Gwen Stefani,Johnny Vulture"
0.147,0.791,192360,0.733,0.000381,6,0.0713,-5.215,0,0.052,114.98,4,0.761,0,Circus,Britney Spears
0.0263,0.781,160551,0.854,0.000211,10,0.344,-4.118,0,0.0745,103.021,4,0.41,0,Bounce Back,Little Mix
0.271,0.519,199946,0.749,0.0,6,0.119,-3.318,0,0.0405,147.905,4,0.29,0,Before He Cheats,Carrie Underwood
0.021,0.672,182200,0.855,0.0,9,0.323,-3.764,1,0.0397,123.056,4,0.646,0,Rain On Me (with Ariana Grande),"Lady Gaga,Ariana Grande"
0.0506,0.775,182666,0.825,1.03e-06,7,0.111,-5.402,1,0.0464,139.091,4,0.95,0,Lips Are Movin,Meghan Trainor
0.361,0.688,156693,0.774,0.0,0,0.196,-4.444,1,0.086,109.974,4,0.803,0,Keep It Undercover - Theme Song From K.C. Undercover,Zendaya
0.0657,0.898,176709,0.598,0.0,8,0.0639,-5.723,1,0.165,116.025,4,0.687,0,Guess U Suck,Jessie Chambers
0.254,0.508,263520,0.762,0.000122,6,0.108,-4.217,0,0.0489,99.963,4,0.444,0,Alive,Sia
0.13,0.827,172832,0.731,0.0,4,0.418,-5.524,0,0.088,118.992,4,0.607,0,Rumors (feat. Cardi B),"Lizzo,Cardi B"
0.119,0.458,197981,0.508,8.88e-06,9,0.128,-9.88,0,0.0634,179.7,4,0.14,0,Hypothermia,"VENYSS,Sophia Kaloustian"
0.738,0.574,213739,0.424,0.000469,7,0.638,-7.639,1,0.0253,157.04,4,0.222,0,Survivor,The Bittersweets
0.0491,0.626,158237,0.632,0.26,3,0.223,-8.37,0,0.144,144.087,4,0.418,0,Fight Like a GIRL,Caley Rose
0.53,0.756,176266,0.789,0.000711,2,0.157,-7.002,1,0.0324,127.987,4,0.873,0,Better When I'm Dancin',Meghan Trainor
0.301,0.737,193159,0.701,0.000103,0,0.131,-6.588,0,0.0731,100.011,4,0.492,0,Taking Back My Life,Audriix
0.0164,0.769,171527,0.578,0.00488,10,0.443,-9.243,0,0.025,107.991,4,0.592,0,I'm Not Sorry,Marilyn Hucek
0.0835,0.816,184285,0.39,0.0,6,0.147,-10.756,0,0.168,111.997,4,0.818,0,Talk,Akira Sky
0.0856,0.791,132029,0.77,0.000208,7,0.0558,-6.486,1,0.0744,100.03,4,0.684,0,Hot Spice,Zxena
8.32e-05,0.536,232877,0.81,0.0,6,0.354,-5.066,0,0.0435,145.857,4,0.831,0,Save Me,Blue Lush
0.0694,0.628,202543,0.516,0.0,10,0.0783,-11.411,1,0.121,82.385,4,0.593,0,Permission,Candice Lee
0.242,0.705,165689,0.93,0.0,0,0.156,-3.388,0,0.0932,78.971,4,0.759,0,The Sign,Lizzo
0.959,0.444,222369,0.0911,1.05e-06,0,0.098,-17.665,1,0.0307,78.403,4,0.142,0,What Was I Made For? [From The Motion Picture Barbie],Billie Eilish
0.816,0.516,60719,0.254,0.855,9,0.189,-16.027,0,0.0589,56.829,4,0.304,0,hotline (edit),Billie Eilish
0.83,0.412,281380,0.236,0.00653,4,0.147,-15.159,0,0.0379,140.214,4,0.119,0,TV,Billie Eilish
0.929,0.387,216448,0.135,0.0,7,0.0948,-14.398,1,0.051,82.987,4,0.21,0,The 30th,Billie Eilish
0.0468,0.334,151444,0.599,0.000392,0,0.205,-5.742,1,0.0365,161.74,3,0.127,0,Happier Than Ever - Edit,Billie Eilish
0.222,0.895,196730,0.389,0.0346,7,0.105,-11.036,0,0.11,110.023,4,0.549,0,Billie Bossa Nova,Billie Eilish
0.974,0.599,244221,0.128,0.121,10,0.115,-17.261,1,0.109,159.679,4,0.367,0,Getting Older,Billie Eilish
0.961,0.403,234761,0.159,0.0121,1,0.34,-16.728,0,0.104,72.38,4,0.0381,0,Halley's Comet,Billie Eilish
0.917,0.38,242265,0.219,0.0104,4,0.0827,-13.273,0,0.0358,73.537,4,0.0517,0,No Time To Die,Billie Eilish
0.767,0.332,298899,0.225,0.00349,0,0.128,-8.697,1,0.0348,81.055,3,0.297,0,Happier Than Ever,Billie Eilish
0.863,0.687,194886,0.288,0.0,2,0.0986,-10.415,1,0.045,110.927,4,0.308,0,Male Fantasy,Billie Eilish
0.612,0.849,158463,0.48,0.269,9,0.295,-5.835,1,0.226,142.021,4,0.677,0,I Didn't Change My Number,Billie Eilish
0.814,0.456,210005,0.285,0.143,8,0.307,-10.755,1,0.0979,104.89,4,0.0809,0,my future,Billie Eilish
0.0904,0.757,210232,0.598,0.551,11,0.15,-7.777,1,0.058,124.951,4,0.18,0,Oxytocin,Billie Eilish
0.755,0.654,151536,0.303,0.159,5,0.0957,-13.943,0,0.126,160.095,4,0.168,0,GOLDWING,Billie Eilish
0.702,0.526,212496,0.334,0.00782,10,0.0586,-8.491,0,0.251,74.966,4,0.522,0,Lost Cause,Billie Eilish
0.454,0.468,227679,0.13,0.927,1,0.0819,-18.031,1,0.0571,115.039,4,0.0362,0,Not My Responsibility,Billie Eilish
0.527,0.777,214058,0.522,0.838,8,0.0968,-12.496,0,0.0535,115.008,4,0.182,0,OverHeated,Billie Eilish
0.928,0.275,206622,0.155,0.176,7,0.0888,-17.285,0,0.0674,65.136,3,0.0588,0,Everybody Dies,Billie Eilish
0.932,0.632,245896,0.284,0.000476,9,0.233,-14.025,0,0.0801,129.642,4,0.208,0,Your Power,Billie Eilish
0.341,0.765,195776,0.373,0.525,8,0.112,-9.921,1,0.0713,85.016,4,0.554,0,NDA,Billie Eilish
0.227,0.879,173539,0.365,0.135,2,0.0583,-7.781,1,0.0924,94.016,4,0.663,0,Therefore I Am,Billie Eilish
0.896,0.614,180933,0.318,0.00239,7,0.0795,-12.695,1,0.0478,119.959,4,0.112,0,Bored,Billie Eilish
0.213,0.749,164051,0.832,0.276,5,0.728,-8.415,0,0.0408,120.046,4,0.487,0,ilomilo - Live From The Film - Billie Eilish: The World’s A Little Blurry,Billie Eilish
0.721,0.343,203464,0.243,0.00198,4,0.0668,-14.66,0,0.0777,135.154,4,0.032,0,Lo Vas A Olvidar (with ROSALÍA),"Billie Eilish,ROSALÍA"
0.218,0.889,174321,0.34,0.13,11,0.055,-7.773,0,0.0697,94.009,4,0.716,0,Therefore I Am,Billie Eilish
0.795,0.444,208155,0.309,0.132,8,0.352,-10.956,1,0.062,104.745,4,0.0875,0,my future,Billie Eilish
0.902,0.704,245425,0.225,0.657,6,0.106,-14.454,0,0.0994,120.006,4,0.243,0,everything i wanted,Billie Eilish
0.283,0.726,168839,0.444,0.143,8,0.177,-8.922,0,0.372,185.044,4,0.569,0,all the good girls go to hell,Billie Eilish
0.328,0.701,194087,0.425,0.13,7,0.1,-10.965,1,0.375,135.128,4,0.562,0,bad guy,Billie Eilish
0.333,0.441,177523,0.599,0.00198,0,0.103,-8.985,1,0.225,165.212,4,0.35,0,watch,Billie Eilish
0.737,0.483,203569,0.412,0.0,7,0.116,-8.461,1,0.0402,170.163,3,0.247,0,idontwannabeyouanymore,Billie Eilish
0.46,0.695,179172,0.573,0.0734,4,0.482,-8.597,0,0.106,99.939,4,0.408,0,bellyache,Billie Eilish
0.978,0.367,196077,0.111,3.97e-05,4,0.0897,-14.084,1,0.0972,82.642,4,0.198,0,when the party's over,Billie Eilish
0.462,0.678,180952,0.533,0.219,4,0.139,-10.485,1,0.186,150.455,4,0.323,0,you should see me in a crown,Billie Eilish
0.74,0.905,193143,0.389,0.162,8,0.106,-14.505,1,0.332,120.046,4,0.196,0,bury a friend,Billie Eilish
0.39,0.853,221543,0.351,9.38e-06,7,0.752,-10.198,1,0.241,118.028,4,0.282,0,wish you were gay,Billie Eilish
0.724,0.855,156370,0.423,0.469,5,0.0896,-15.044,0,0.0585,120.02,4,0.572,0,ilomilo,Billie Eilish
0.768,0.0,13578,0.278,0.0,1,0.669,-21.63,1,0.0,0.0,0,0.0,0,!!!!!!!,Billie Eilish
0.35,0.939,179889,0.305,0.000169,8,0.105,-10.952,0,0.354,100.029,4,0.563,0,my strange addiction,Billie Eilish
0.934,0.351,200185,0.296,0.0,4,0.095,-10.109,0,0.0333,115.284,4,0.12,0,lovely (with Khalid),"Billie Eilish,Khalid"
0.698,0.735,173201,0.235,0.00604,3,0.107,-13.239,1,0.315,62.446,4,0.462,0,8,Billie Eilish
0.816,0.511,200379,0.363,0.0317,4,0.084,-7.65,0,0.041,144.892,4,0.169,0,ocean eyes,Billie Eilish
0.472,0.692,170852,0.394,0.000191,11,0.117,-8.745,0,0.207,89.936,4,0.324,0,my boy,Billie Eilish
0.252,0.67,194839,0.453,0.33,0,0.117,-11.265,1,0.295,135.055,4,0.68,0,bad guy (with Justin Bieber),"Billie Eilish,Justin Bieber"
0.693,0.64,210375,0.321,0.0307,0,0.114,-14.604,1,0.0931,145.045,4,0.177,0,come out and play,Billie Eilish
0.921,0.778,176471,0.422,0.00924,0,0.0958,-10.114,1,0.0482,120.033,4,0.187,0,bitches broken hearts,Billie Eilish
0.837,0.153,119409,0.138,0.55,6,0.254,-21.877,0,0.0503,74.318,3,0.0503,0,goodbye,Billie Eilish
0.751,0.521,243725,0.125,0.00207,9,0.265,-17.832,1,0.239,111.554,4,0.0528,0,xanny,Billie Eilish
0.952,0.421,291796,0.131,0.00453,0,0.109,-18.435,1,0.0382,137.446,4,0.12,0,i love you,Billie Eilish
0.935,0.319,242652,0.0561,0.00384,0,0.388,-23.023,1,0.045,79.764,3,0.082,0,listen before i go,Billie Eilish
0.353,0.679,194711,0.388,9.25e-05,4,0.341,-10.977,0,0.0932,124.909,4,0.234,0,COPYCAT,Billie Eilish
0.868,0.427,229425,0.123,3.12e-05,9,0.0732,-15.228,0,0.0497,129.565,5,0.0394,0,hostage,Billie Eilish
0.882,0.826,204770,0.188,2.83e-06,0,0.103,-12.181,1,0.0883,130.022,4,0.205,0,party favor,Billie Eilish
0.807,0.576,189613,0.307,0.000355,11,0.0792,-12.732,0,0.0428,67.513,4,0.157,0,Six Feet Under,Billie Eilish
0.213,0.776,179015,0.379,0.00175,9,0.0969,-9.351,0,0.331,82.531,4,0.346,0,&burn (with Vince Staples),"Billie Eilish,Vince Staples"
0.853,0.696,270519,0.332,0.433,6,0.0848,-12.834,1,0.0425,150.13,4,0.0628,0,WHEN I WAS OLDER - Music Inspired By The Film ROMA,Billie Eilish
0.114,0.661,195306,0.419,1.19e-05,4,0.0848,-9.807,0,0.0404,144.98,4,0.145,0,Ocean Eyes - Blackbear Remix,"Billie Eilish,blackbear"
0.2,0.832,220800,0.368,0.0513,4,0.353,-8.627,0,0.133,100.045,4,0.2,0,Bellyache - Marian Hill Remix,"Billie Eilish,Marian Hill"
0.00626,0.879,211304,0.58,0.0433,2,0.0653,-4.797,1,0.0883,92.004,4,0.312,0,MyBoi - TroyBoi Remix,"Billie Eilish,TroyBoi"
0.629,0.594,296266,0.481,0.0126,4,0.0939,-8.525,0,0.0353,144.941,4,0.0671,0,Ocean Eyes - Astronomyy Remix,"Billie Eilish,Astronomyy"
0.0585,0.682,198684,0.955,3.18e-05,4,0.226,-5.02,0,0.0591,124.999,4,0.451,0,COPYCAT - Sofi Tukker Remix,"Billie Eilish,Sofi Tukker"
0.0344,0.425,213600,0.954,0.358,7,0.187,-2.573,1,0.0383,199.843,4,0.572,0,Ocean Eyes - GOLDHOUSE Remix,"Billie Eilish,GOLDHOUSE"
0.66,0.447,200898,0.216,0.011,11,0.139,-12.815,0,0.0508,134.868,4,0.0396,0,Six Feet Under - Jerry Folk Remix,"Billie Eilish,Jerry Folk"
0.0392,0.691,215624,0.823,0.00164,11,0.127,-5.969,0,0.0384,128.014,4,0.108,0,Six Feet Under - BLU J Remix,"Billie Eilish,BLU J"
0.0651,0.67,221718,0.863,1.7e-05,11,0.11,-4.368,0,0.0874,141.955,4,0.292,0,Six Feet Under - Aire Atlantica Remix,"Billie Eilish,Aire Atlantica"
0.118,0.698,208000,0.841,0.0817,11,0.102,-6.269,0,0.0433,150.064,4,0.42,0,Six Feet Under - Gazzo Remix,"Billie Eilish,Gazzo"
0.229,0.797,228386,0.731,0.0,9,0.224,-4.443,0,0.0479,146.93,4,0.623,1,Wanted You (feat. Lil Uzi Vert),"NAV,Lil Uzi Vert"
0.868,0.427,229425,0.123,3.12e-05,9,0.0732,-15.228,0,0.0497,129.565,5,0.0394,1,hostage,Billie Eilish
0.0135,0.794,195873,0.766,0.0,9,0.0785,-3.894,0,0.0377,127.007,4,0.55,1,The Spins,Mac Miller
0.0275,0.58,188583,0.651,0.0,6,0.102,-5.537,0,0.0459,157.888,4,0.562,1,shots in the dark (with Trippie Redd),"iann dior,Trippie Redd"
0.186,0.736,169999,0.67,0.0,10,0.114,-6.702,1,0.311,130.032,4,0.845,1,Armed And Dangerous,Juice WRLD
0.11,0.671,191600,0.314,0.0,5,0.0825,-8.091,0,0.244,110.898,4,0.296,1,Needed Me,Rihanna
0.0211,0.496,336000,0.739,0.00444,6,0.106,-7.193,1,0.0415,132.41,4,0.378,1,Knockin' On Heaven's Door,Guns N' Roses
0.125,0.731,173640,0.626,0.0,11,0.183,-6.919,1,0.0805,82.488,4,0.862,1,AOK,Tai Verdes
0.015,0.692,190453,0.911,7.71e-05,9,0.112,-5.098,0,0.177,138.975,4,0.8,1,See You Again,Miley Cyrus
0.335,0.563,178146,0.664,0.0,9,0.0849,-5.044,1,0.154,166.928,4,0.688,1,good 4 u,Olivia Rodrigo
0.724,0.855,156370,0.423,0.469,5,0.0896,-15.044,0,0.0585,120.02,4,0.572,1,ilomilo,Billie Eilish
0.218,0.457,224638,0.621,0.0,10,0.0944,-5.923,1,0.138,85.359,3,0.634,1,Tommy Lee (feat. Post Malone),"Tyla Yaweh,Post Malone"
0.135,0.594,181144,0.676,0.0,2,0.163,-5.808,1,0.344,143.477,4,0.472,1,GATTI,"JACKBOYS,Pop Smoke,Travis Scott"
0.0306,0.664,210093,0.872,0.0,3,0.228,-3.117,1,0.0396,129.873,4,0.555,1,Where Them Girls At (feat. Nicki Minaj & Flo Rida),"David Guetta,Flo Rida,Nicki Minaj"
0.00473,0.731,139460,0.675,0.0,5,0.141,-5.134,0,0.0434,124.939,4,0.298,1,my ex's best friend (with blackbear),"mgk,blackbear"
0.00167,0.762,165000,0.904,0.841,5,0.436,-4.064,1,0.0862,127.962,4,0.518,1,Bring It Back (feat. Max Styler),"Deorro,MAKJ,Max Styler"
0.000921,0.486,199827,0.638,0.0,0,0.078,-6.231,1,0.0323,144.458,4,0.178,1,Silver Lining,Mt. Joy
0.105,0.903,187383,0.529,0.00255,8,0.138,-9.901,1,0.0623,100.977,4,0.353,1,Space Ghost Coast To Coast,Glass Animals
0.854,0.289,328232,0.307,0.275,4,0.255,-16.036,1,0.0452,96.516,4,0.0477,1,Helium,Glass Animals
0.513,0.613,210340,0.857,0.00105,2,0.268,-7.003,1,0.0476,131.962,4,0.32,1,Floors,"Abhi The Nomad,Foster Cazz"
0.377,0.652,272453,0.836,0.0,2,0.138,-7.179,0,0.153,123.946,4,0.162,1,Hell Of A Night,ScHoolboy Q
0.125,0.86,207911,0.719,0.0,11,0.0799,-4.325,0,0.33,160.049,4,0.496,1,Jordan Belfort,"Wes Walker,Dyl"
0.219,0.7,235186,0.554,1.36e-06,1,0.419,-5.909,1,0.187,97.127,4,0.0633,1,Beware,"Big Sean,Lil Wayne,Jhené Aiko"
0.0012,0.895,138541,0.469,4.56e-05,1,0.192,-5.882,1,0.0661,126.917,4,0.076,1,Twerkulator,City Girls
0.0534,0.497,258120,0.433,0.0,6,0.0545,-7.126,0,0.235,78.479,4,0.447,1,Liquor Locker,VIC MENSA
0.113,0.563,222920,0.75,0.0,11,0.0788,-4.496,1,0.127,173.906,4,0.812,1,Rude Boy,Rihanna
0.0076,0.824,169153,0.862,0.000132,2,0.303,-3.424,1,0.126,122.98,4,0.801,1,Friday (feat. Mufasa & Hypeman) - Dopamine Re-Edit,"Riton,Nightcrawlers,Mufasa & Hypeman,Dopamine"
0.0383,0.591,141805,0.764,0.0,1,0.103,-5.484,1,0.0483,169.928,4,0.478,1,STAY (with Justin Bieber),"The Kid LAROI,Justin Bieber"
0.015,0.567,210040,0.677,4.43e-05,11,0.134,-3.904,0,0.0348,126.958,4,0.441,1,We Got U,"Lemaitre,The Knocks"
0.0795,0.723,139999,0.892,7.46e-05,7,0.279,-7.172,1,0.11,120.02,4,0.501,1,Hello Stranger,"Abhi The Nomad,Foster Cazz"
0.938,0.29,222820,0.308,0.0294,5,0.106,-11.074,1,0.0442,84.88,1,0.205,1,monsoon,Hippo Campus
0.871,0.332,183333,0.311,0.0,9,0.136,-9.568,1,0.0302,90.242,4,0.442,1,Happy Accidents,Saint Motel
0.0392,0.67,192040,0.843,0.0,1,0.225,-4.311,1,0.0454,117.01,4,0.713,1,Sweet Talk,Saint Motel
0.462,0.697,173630,0.877,0.00943,3,0.083,-4.465,1,0.0462,101.99,4,0.802,1,Left Hand Free,alt-J
0.27,0.886,200205,0.473,2.58e-05,7,0.0864,-7.338,0,0.255,135.065,4,0.438,1,I Do (feat. SZA),"Cardi B,SZA"
0.617,0.703,221746,0.757,0.0,1,0.106,-3.612,1,0.05,82.008,4,0.696,1,The Way Life Goes (feat. Oh Wonder),"Lil Uzi Vert,Oh Wonder"
0.011,0.487,214320,0.876,0.0,0,0.401,-3.152,1,0.0946,164.997,4,0.725,1,Here's to Never Growing Up,Avril Lavigne
0.066,0.595,229666,0.749,4.24e-05,4,0.0798,-5.992,1,0.0541,80.033,4,0.636,1,The Way It Was,Coast Modern
0.135,0.692,181506,0.855,0.0,8,0.185,-4.704,1,0.0344,119.966,4,0.636,1,Getaway,Saint Motel
0.261,0.712,249520,0.563,2.61e-05,7,0.137,-7.435,0,0.0712,140.048,4,0.502,1,Loud(y),Lewis Del Mar
0.00435,0.405,195372,0.967,0.239,10,0.341,-3.975,0,0.0427,169.933,4,0.957,1,Who Are You?,Spring King
0.214,0.893,204716,0.715,0.0116,6,0.0717,-6.284,0,0.125,125.047,4,0.0465,1,F.E.E.L.,Lucky Luke
0.0113,0.407,214733,0.925,0.0025,11,0.192,-4.155,0,0.0747,151.993,4,0.119,1,Frontlines,"Zeds Dead,NGHTMRE,GG Magree"
0.108,0.45,284444,0.756,0.0205,1,0.0762,-6.307,0,0.0389,135.102,4,0.268,1,Collapse (feat. Memorecks),"Zeds Dead,Memorecks"
0.034,0.47,350690,0.706,1.31e-06,0,0.0726,-4.902,0,0.0322,88.519,4,0.327,1,Sad Machine,Porter Robinson
0.00652,0.613,230773,0.661,0.0,9,0.0976,-4.984,1,0.0263,110.978,4,0.509,1,Cold Cold Man,Saint Motel
0.0641,0.595,204811,0.896,5.82e-05,10,0.0748,-2.951,1,0.047,118.001,4,0.567,1,My Type,Saint Motel
0.0586,0.593,233986,0.833,2.48e-06,11,0.0866,-3.197,0,0.0573,80.015,4,0.45,1,Long Way Down,Robert DeLong
0.232,0.76,204466,0.701,0.00295,3,0.07,-6.393,1,0.042,140.023,4,0.81,1,Guru,Coast Modern
0.0351,0.601,249746,0.859,0.331,4,0.144,-6.311,0,0.0397,101.003,4,0.431,1,Purple Yellow Red and Blue,Portugal. The Man
0.127,0.61,176920,0.914,0.258,11,0.34,-4.158,0,0.0397,168.071,4,0.74,1,Gamma Ray,Beck
0.238,0.787,208653,0.655,0.000171,6,0.138,-8.339,0,0.0431,102.485,4,0.65,1,Upside Down,Jack Johnson
0.096,0.615,227080,0.658,0.000911,5,0.205,-7.299,1,0.0343,150.093,4,0.293,1,Breezeblocks,alt-J
0.714,0.682,217320,0.581,0.323,7,0.0802,-10.339,1,0.0295,108.98,4,0.539,1,Something Good,alt-J
0.0986,0.557,239013,0.605,0.0394,2,0.0859,-8.194,1,0.0376,107.951,4,0.121,1,Dissolve Me,alt-J
0.779,0.359,314986,0.48,0.00328,5,0.0784,-10.634,1,0.0349,171.75,4,0.283,1,Taro,alt-J
0.142,0.584,219400,0.594,0.00117,9,0.105,-6.935,1,0.0487,143.935,4,0.36,1,Fitzpleasure,alt-J
0.949,0.619,209270,0.0488,0.000523,2,0.131,-18.962,1,0.061,114.685,4,0.101,1,Pusher,alt-J
0.149,0.581,235106,0.744,1.68e-05,11,0.0969,-6.561,1,0.0538,158.05,4,0.813,1,I Want to Know,KONGOS
0.279,0.532,215011,0.462,0.196,10,0.101,-10.71,1,0.03,80.001,4,0.485,1,Mad Sounds,Arctic Monkeys
0.00204,0.852,261399,0.803,0.0,6,0.121,-6.929,0,0.264,96.2,4,0.752,1,Express Yourself - Remix,N.W.A.
0.00435,0.792,159560,0.688,0.00477,0,0.0972,-4.008,1,0.0386,124.987,4,0.502,1,Intoxicated - Radio Edit,"Martin Solveig,Good Times Ahead"
0.0918,0.689,252306,0.617,2.08e-05,4,0.0816,-5.196,1,0.029,121.062,4,0.682,1,Brazil,Declan McKenna
0.00255,0.495,240798,0.778,0.0487,0,0.402,-5.21,1,0.0292,96.023,4,0.143,1,Quartz,TV On The Radio
0.0178,0.658,274411,0.688,0.000183,7,0.256,-3.709,1,0.0263,123.058,4,0.214,1,Trouble,TV On The Radio
0.195,0.321,227426,0.322,1.21e-06,11,0.107,-10.07,0,0.0481,79.879,4,0.19,1,Friends with Enemies,Atlas Genius
0.459,0.539,204400,0.446,0.0,5,0.133,-7.691,1,0.0263,96.984,4,0.226,1,Levitate,Atlas Genius
0.0054,0.568,191640,0.746,0.0,7,0.162,-5.437,1,0.0462,125.04,4,0.409,1,Stockholm,Atlas Genius
0.00108,0.468,188466,0.829,0.0,9,0.0679,-5.42,0,0.0808,182.984,4,0.35,1,A Perfect End,Atlas Genius
0.00301,0.566,199175,0.83,0.357,11,0.35,-6.344,0,0.0289,129.829,4,0.712,1,Ung og Blank,Hvitmalt gjerde
0.182,0.685,242346,0.645,0.00532,0,0.138,-6.73,1,0.0256,119.936,4,0.461,1,Blue Moon,Beck
0.00073,0.589,314320,0.956,0.051,1,0.139,-3.587,0,0.0406,113.996,4,0.751,1,Dreams,Beck
0.00133,0.624,202360,0.959,0.171,11,0.101,-6.253,0,0.0769,95.794,4,0.69,1,E-Pro,Beck
0.0337,0.654,235000,0.611,0.000178,2,0.405,-10.45,1,0.119,85.387,4,0.786,1,Loser,Beck
0.26,0.611,227360,0.577,0.000807,0,0.467,-8.728,1,0.0297,119.877,4,0.214,1,Lost Cause,Beck
0.595,0.54,189173,0.301,0.000107,7,0.106,-8.902,1,0.0265,108.554,4,0.255,1,Don't Let It Go,Beck
0.808,0.0751,220280,0.337,0.00626,11,0.107,-7.818,1,0.0339,79.093,3,0.0322,1,Wave,Beck
0.205,0.466,372386,0.873,0.00664,1,0.667,-6.884,0,0.22,124.93,4,0.688,1,Deadweight,Beck
0.0495,0.664,200306,0.815,0.000185,7,0.133,-6.958,1,0.0567,81.575,4,0.8,1,Tropicalia,Beck
0.00233,0.633,173906,0.945,0.00562,1,0.0871,-4.529,1,0.0337,114.862,4,0.95,1,Nausea,Beck
0.442,0.55,319786,0.377,0.0955,4,0.126,-9.933,1,0.0254,113.608,4,0.261,1,Morning,Beck
0.717,0.521,142226,0.473,0.0,7,0.0715,-5.353,1,0.0275,97.09,4,0.46,1,We're Going To Be Friends,The White Stripes
0.00576,0.75,231800,0.462,0.545,0,0.307,-7.664,1,0.0779,123.865,4,0.309,1,Seven Nation Army,The White Stripes
0.0825,0.482,157560,0.654,1.15e-05,10,0.27,-8.4,0,0.316,151.269,4,0.655,1,Blue Orchid,The White Stripes
0.00846,0.693,212266,0.539,0.377,7,0.0953,-8.366,1,0.0796,128.414,4,0.535,1,The Hardest Button To Button,The White Stripes
0.29,0.216,266893,0.554,0.0001,9,0.116,-7.606,1,0.0315,166.581,4,0.113,1,Little One,Beck
0.00668,0.362,266365,0.599,0.0129,7,0.101,-8.333,0,0.0297,110.779,4,0.409,1,Head Above The Water,Palace
0.00341,0.427,220987,0.903,0.744,11,0.112,-4.935,0,0.0378,138.545,4,0.166,1,Roses,Deon Custom
0.109,0.718,226533,0.703,0.822,7,0.208,-7.162,0,0.0382,87.975,4,0.858,1,Loud Pipes,Ratatat
0.348,0.457,269693,0.455,0.00122,0,0.142,-8.112,1,0.188,100.049,4,0.163,1,Coffee,Sylvan Esso
0.00131,0.528,266053,0.86,0.25,11,0.251,-8.033,0,0.0397,123.12,4,0.49,1,Wide Eyes,Local Natives
0.0417,0.679,158133,0.77,0.0527,5,0.124,-7.673,1,0.111,184.047,4,0.843,1,Swing Tree,Discovery
0.534,0.588,237933,0.529,0.0683,2,0.126,-7.838,1,0.0242,95.971,4,0.591,1,Airplanes,Local Natives
0.0356,0.483,229893,0.804,1.6e-06,8,0.0736,-3.452,1,0.0501,73.048,4,0.811,1,Rill Rill,Sleigh Bells
0.245,0.87,198440,0.699,6.76e-06,5,0.0588,-5.541,0,0.0459,126.967,4,0.726,1,Walking On A Dream,Empire Of The Sun
0.392,0.47,225973,0.623,0.000439,0,0.0992,-5.655,1,0.0302,77.861,4,0.298,1,Trouble,Cage The Elephant
0.266,0.214,282633,0.923,0.028,1,0.138,-7.226,1,0.0537,199.735,3,0.59,1,Fools,The Dodos
0.179,0.699,206560,0.821,0.0,5,0.179,-4.682,1,0.0482,105.023,4,0.725,1,Zlatan,Sanjin & Youthman
0.0179,0.638,189466,0.817,0.0,10,0.338,-5.021,0,0.0636,101.028,4,0.716,1,Move,Saint Motel
0.021,0.495,192631,0.831,4.79e-05,5,0.495,-5.812,0,0.0319,128.064,5,0.414,1,Now That I've Found You (feat. John & Michel),"Martin Garrix,John & Michel"
0.00916,0.704,196813,0.898,1.21e-06,2,0.342,-3.455,1,0.0448,100.004,4,0.169,1,Sto bene così,Rocco Hunt
0.0498,0.55,224486,0.689,0.0,3,0.207,-7.76,0,0.094,99.904,4,0.408,1,Raging (feat. Kodaline),"Kygo,Kodaline"
0.0117,0.779,223227,0.681,4.63e-06,7,0.0687,-4.837,1,0.212,102.018,4,0.779,1,I Trusted U,Balkan Beat Box
0.399,0.611,241173,0.556,0.000228,1,0.122,-7.31,1,0.056,125.979,4,0.23,1,Porcelain,Skott
0.394,0.837,261973,0.829,0.0496,11,0.112,-8.738,1,0.0495,118.002,4,0.927,1,Flashed Junk Mind,Milky Chance
0.736,0.487,289306,0.369,3.75e-05,11,0.0925,-13.424,0,0.0406,183.114,4,0.106,1,Gooey,Glass Animals
0.129,0.648,230693,0.718,0.00156,9,0.112,-7.765,0,0.0298,96.017,4,0.785,1,Youth,Glass Animals
0.00315,0.345,233866,0.858,0.000567,8,0.439,-5.249,0,0.109,167.406,4,0.275,1,Psycho Lovers,Local Natives
0.00208,0.597,214266,0.924,7.84e-05,9,0.15,-4.076,1,0.0432,121.034,4,0.881,1,Animals,Coast Modern
0.0143,0.57,177533,0.836,0.139,8,0.0684,-5.464,1,0.0392,76.539,4,0.726,1,You Can Be You,Saint Motel
0.0406,0.78,163250,0.798,6.31e-05,1,0.0733,-5.151,0,0.0613,78.969,4,0.771,1,Feel It Still,Portugal. The Man
0.021,0.542,245456,0.906,0.00043,9,0.377,-4.213,1,0.0491,120.014,4,0.515,1,Way It Goes,Hippo Campus
0.584,0.46,226173,0.793,0.093,0,0.151,-6.665,1,0.0434,87.008,4,0.521,1,Ace in the Hole,Saint Motel
0.349,0.689,320654,0.338,5.7e-05,11,0.0649,-7.634,0,0.0629,128.012,4,0.568,1,The Other Side Of Paradise,Glass Animals
0.142,0.495,206026,0.745,0.000441,11,0.194,-5.475,0,0.035,143.398,4,0.589,1,In Cold Blood,alt-J
0.0355,0.673,201600,0.676,0.0,1,0.107,-5.002,1,0.0308,134.944,4,0.57,1,Whatever It Takes,Imagine Dragons
0.0417,0.772,203782,0.775,0.0,10,0.226,-4.388,0,0.112,124.978,4,0.748,1,Believer,Imagine Dragons
0.00593,0.608,187761,0.841,0.0573,0,0.121,-3.798,1,0.0464,167.969,4,0.274,1,Thunder,Imagine Dragons
0.916,0.481,143966,0.164,0.145,2,0.16,-17.201,1,0.0391,130.229,4,0.405,1,"Dancing in the Moonlight (It's Caught Me in Its Spotlight) - Live from Spotify Studios, New York City, NY",alt-J
0.81,0.713,247933,0.319,5.71e-06,0,0.142,-11.099,1,0.028,94.043,4,0.472,1,Dead Sea,The Lumineers
0.0492,0.755,266600,0.553,0.00607,6,0.0646,-9.449,0,0.107,119.7,4,0.836,1,If I Ever Feel Better,Phoenix
0.0998,0.743,255160,0.659,0.00028,10,0.0622,-6.755,1,0.0343,114.033,4,0.804,1,Cocoon,Milky Chance
0.00257,0.515,209557,0.869,2.01e-06,11,0.21,-4.732,1,0.0672,93.24,4,0.452,1,Greek Tragedy,The Wombats
0.0595,0.717,223946,0.858,0.158,0,0.0957,-4.514,1,0.0256,111.472,4,0.464,1,Midnight Movies,Saint Motel
0.000402,0.256,210453,0.898,0.00372,4,0.1,-5.528,1,0.115,98.097,4,0.293,1,Going Down,Coast Modern
0.601,0.532,214666,0.587,0.00588,8,0.961,-8.732,0,0.0634,79.03,4,0.371,1,Wild Things,Coast Modern
0.012,0.684,178520,0.844,0.000209,2,0.118,-3.614,1,0.032,124.988,4,0.771,1,Now I'm Cool,Coast Modern
0.0197,0.811,260160,0.51,0.072,9,0.054,-6.474,0,0.0424,125.035,4,0.641,1,Dizzy,Dimmi
0.271,0.64,223186,0.635,0.0,8,0.319,-7.565,0,0.226,100.034,4,0.475,1,Stole the Show,"Kygo,Parson James"
0.00163,0.662,181672,0.858,0.0,2,0.0456,-4.844,1,0.0428,133.993,4,0.295,1,Without You (feat. Sandro Cavazza),"Avicii,Sandro Cavazza"
0.31,0.579,230613,0.736,0.0,6,0.198,-3.863,0,0.0527,127.999,4,0.613,1,Waiting For Love,Avicii
0.134,0.655,181812,0.666,2.12e-05,5,0.0683,-5.309,1,0.0612,102.977,4,0.272,1,Lonely Together (feat. Rita Ora),"Avicii,Rita Ora"
0.0166,0.527,176658,0.835,0.0,6,0.249,-5.298,1,0.0433,125.983,4,0.654,1,The Nights,Avicii
0.000647,0.577,204280,0.922,0.0,8,0.0984,-3.339,0,0.0445,142.037,4,0.679,1,Borderline,Tove Styrke
0.133,0.627,194053,0.633,7.07e-05,10,0.216,-7.41,0,0.0305,85.999,4,0.763,1,Modern Jesus,Portugal. The Man
0.0507,0.63,227253,0.736,0.00244,10,0.109,-7.302,0,0.0384,137.948,4,0.919,1,Atomic Man,Portugal. The Man
0.04,0.688,212146,0.847,2.81e-06,10,0.598,-3.238,0,0.0508,93.979,4,0.453,1,Genghis Khan,Miike Snow
0.0434,0.595,234453,0.912,0.0,10,0.259,-3.428,0,0.0884,128.024,4,0.762,1,Hey Baby (Drop It to the Floor) (feat. T-Pain),"Pitbull,T-Pain"
0.0076,0.824,169153,0.862,0.000132,2,0.303,-3.424,1,0.126,122.98,4,0.801,1,Friday (feat. Mufasa & Hypeman) - Dopamine Re-Edit,"Riton,Nightcrawlers,Mufasa & Hypeman,Dopamine"
0.0133,0.95,184634,0.693,0.0,9,0.173,-3.424,1,0.0898,130.02,4,0.891,1,Thot Shit,Megan Thee Stallion
0.00544,0.76,263773,0.595,0.0,1,0.241,-6.366,1,0.0391,131.497,4,0.361,1,No Hands (feat. Roscoe Dash & Wale),"Waka Flocka Flame,Roscoe Dash,Wale"
0.0012,0.895,138541,0.469,4.56e-05,1,0.192,-5.882,1,0.0661,126.917,4,0.076,1,Twerkulator,City Girls
0.00684,0.85,237600,0.631,0.000406,1,0.0679,-8.401,1,0.227,126.002,4,0.738,1,Hotel Room Service,Pitbull
0.179,0.597,257560,0.517,0.0,0,0.307,-6.963,1,0.365,92.035,4,0.412,1,Imma Be,Black Eyed Peas
0.284,0.778,218093,0.824,0.0,10,0.405,-5.892,0,0.0707,100.024,4,0.758,1,Hips Don't Lie (feat. Wyclef Jean),"Shakira,Wyclef Jean"
0.0272,0.934,187541,0.443,0.0,1,0.0889,-7.541,1,0.41,133.026,4,0.359,1,WAP (feat. Megan Thee Stallion),"Cardi B,Megan Thee Stallion"
0.00685,0.744,383546,0.614,0.334,1,0.0708,-3.908,0,0.0838,131.994,4,0.774,1,Heads Will Roll - A-Trak Remix,"Yeah Yeah Yeahs,A-Trak"
0.02,0.749,292613,0.491,0.00899,10,0.159,-9.655,1,0.0403,119.528,4,0.536,1,Gimme! Gimme! Gimme! (A Man After Midnight),ABBA
0.00266,0.712,231624,0.922,1.9e-06,6,0.268,-3.902,0,0.0411,125.984,4,0.976,1,Mmm Yeah (feat. Pitbull),"Austin Mahone,Pitbull"
0.0569,0.808,242293,0.97,6.13e-05,10,0.154,-6.098,0,0.0506,114.328,4,0.868,1,Promiscuous,"Nelly Furtado,Timbaland"
0.106,0.951,218573,0.6,0.0,0,0.0712,-4.675,0,0.0685,125.04,4,0.822,1,Temperature,Sean Paul
0.00649,0.533,159573,0.886,7.75e-06,1,0.363,-4.812,1,0.0732,123.834,4,0.88,1,Rude Boy,AZ2A
0.0816,0.809,194346,0.562,0.000418,11,0.105,-7.694,0,0.0534,130.003,4,0.798,1,Sexy Chick (feat. Akon),"David Guetta,Akon"
0.0135,0.794,195873,0.766,0.0,9,0.0785,-3.894,0,0.0377,127.007,4,0.55,1,The Spins,Mac Miller
0.0192,0.839,239986,0.804,0.0,1,0.331,-2.513,1,0.0329,122.973,4,0.888,1,Fire Burning,Sean Kingston
0.042,0.686,112493,0.541,0.0,0,0.0675,-4.993,0,0.0493,120.082,4,0.724,1,CITY OF ANGELS,24kGoldn
0.00536,0.749,216013,0.865,0.0,3,0.198,-5.228,1,0.0413,111.914,4,0.371,1,Man Of The Year,ScHoolboy Q
0.07,0.869,151146,0.59,0.0,11,0.236,-8.214,1,0.257,107.934,4,0.479,1,Daddy (feat. Rich The Kid),"Blueface,Rich The Kid"
0.405,0.573,312026,0.495,0.0,8,0.0969,-7.245,0,0.592,179.196,3,0.255,1,Only,"Nicki Minaj,Drake,Lil Wayne,Chris Brown"
0.0105,0.769,243600,0.684,0.000125,1,0.0887,-5.019,1,0.0411,127.972,4,0.835,1,S&M,Rihanna
0.0167,0.938,158332,0.638,0.0,8,0.111,-4.713,1,0.189,97.075,4,0.313,1,Act Up,City Girls
0.0928,0.918,231400,0.609,0.0,10,0.139,-5.64,0,0.0791,128.008,4,0.304,1,Low (feat. T-Pain),"Flo Rida,T-Pain"
0.015,0.692,190453,0.911,7.71e-05,9,0.112,-5.098,0,0.177,138.975,4,0.8,1,See You Again,Miley Cyrus
0.109,0.789,236600,0.881,0.0,11,0.355,-5.758,1,0.0331,133.299,4,0.647,1,Stay Fly,Three 6 Mafia
0.0697,0.733,226580,0.676,0.0,10,0.208,-5.655,0,0.0432,97.448,4,0.701,1,Post to Be (feat. Chris Brown & Jhene Aiko),"Omarion,Chris Brown,Jhené Aiko"
0.513,0.797,206266,0.55,0.0,9,0.0786,-4.166,1,0.24,134.206,4,0.543,1,Ball For Me (feat. Nicki Minaj),"Post Malone,Nicki Minaj"
0.0459,0.616,252040,0.91,0.0,0,0.343,-3.004,1,0.0386,144.072,4,0.693,1,Rockstar,Nickelback
0.11,0.794,156497,0.756,0.0,5,0.247,-7.16,0,0.136,123.066,4,0.775,1,Tyler Herro,Jack Harlow
0.125,0.86,207911,0.719,0.0,11,0.0799,-4.325,0,0.33,160.049,4,0.496,1,Jordan Belfort,"Wes Walker,Dyl"
0.0221,0.49,201600,0.618,3.77e-06,1,0.259,-5.655,1,0.104,99.7,4,0.286,1,The Woo (feat. 50 Cent & Roddy Ricch),"Pop Smoke,50 Cent,Roddy Ricch"
0.00281,0.633,197124,0.976,1.29e-05,8,0.382,-5.362,1,0.0519,142.027,4,0.493,1,Everytime We Touch,Cascada
0.119,0.637,176786,0.724,0.0,6,0.299,-5.151,0,0.0403,80.982,4,0.414,1,Hypnotic,Zella Day
0.0823,0.903,139678,0.662,0.0,1,0.19,-4.242,1,0.286,101.975,4,0.684,1,Bestie (feat. Megan Thee Stallion),"Bhad Bhabie,Megan Thee Stallion"
0.113,0.808,166400,0.617,0.0,10,0.734,-9.32,0,0.442,149.962,4,0.632,1,Nuketown (feat. Juice WRLD),"Ski Mask The Slump God,Juice WRLD"
0.0381,0.742,258475,0.579,0.0,0,0.0952,-5.024,1,0.202,144.994,4,0.502,1,Wasted (feat. Lil Uzi Vert),"Juice WRLD,Lil Uzi Vert"
0.239,0.769,96000,0.828,0.0,1,0.0687,-4.183,1,0.354,154.684,4,0.683,1,Swerve,Sad Frosty
0.0746,0.798,108160,0.649,1.34e-05,9,0.517,-6.546,1,0.306,142.006,4,0.566,1,Get Back,Pop Smoke
0.168,0.88,283066,0.814,0.00672,11,0.0584,-6.307,0,0.14,138.083,4,0.942,1,Big Pimpin',"JAY-Z,UGK"
0.0719,0.722,158869,0.631,0.00406,3,0.174,-7.696,0,0.274,177.996,4,0.599,1,Trick,Saweetie
0.187,0.689,212946,0.564,0.0,2,0.0721,-6.226,1,0.136,185.023,4,0.123,1,Come Get Her,Rae Sremmurd
0.0205,0.844,242013,0.601,0.0,1,0.385,-5.283,1,0.157,73.989,4,0.331,1,Bottoms Up (feat. Nicki Minaj),"Trey Songz,Nicki Minaj"
0.00437,0.949,246053,0.79,0.0,8,0.0816,-5.957,1,0.0756,117.002,4,0.807,1,Dangerous,"Kardinal Offishall,Akon"
0.0373,0.929,203200,0.339,1.96e-05,1,0.187,-10.881,1,0.371,98.986,4,0.273,1,Rack City,Tyga
0.0253,0.614,209106,0.574,3.2e-05,11,0.38,-7.961,1,0.466,125.173,5,0.755,1,Candy Shop,"50 Cent,Olivia"
0.0183,0.894,250373,0.791,0.0,2,0.0388,-4.699,1,0.112,105.018,4,0.583,1,Yeah! (feat. Lil Jon & Ludacris),"USHER,Lil Jon,Ludacris"
0.0244,0.746,222093,0.873,0.0,7,0.354,-3.803,1,0.128,148.075,4,0.817,1,Trap Queen,Fetty Wap
0.212,0.548,216386,0.805,0.000389,7,0.408,-5.732,1,0.351,142.094,4,0.648,1,Dior,Pop Smoke
0.00223,0.699,179640,0.76,0.0,5,0.132,-3.173,1,0.0677,129.996,4,0.696,1,I Kissed A Girl,Katy Perry
0.0305,0.8,245706,0.742,7.98e-05,1,0.192,-6.21,1,0.0968,128.078,4,0.401,1,Roman Holiday,Nicki Minaj
0.377,0.652,272453,0.836,0.0,2,0.138,-7.179,0,0.153,123.946,4,0.162,1,Hell Of A Night,ScHoolboy Q
0.0889,0.83,223074,0.5,0.000349,1,0.277,-6.597,1,0.0725,140.009,4,0.0491,1,Addicted to My Ex,M City JR
0.0528,0.557,181573,0.586,7.33e-06,10,0.339,-4.57,1,0.0382,96.091,4,0.0681,1,Waves,Kanye West
0.0534,0.497,258120,0.433,0.0,6,0.0545,-7.126,0,0.235,78.479,4,0.447,1,Liquor Locker,VIC MENSA
0.219,0.7,235186,0.554,1.36e-06,1,0.419,-5.909,1,0.187,97.127,4,0.0633,1,Beware,"Big Sean,Lil Wayne,Jhené Aiko"
0.0306,0.664,210093,0.872,0.0,3,0.228,-3.117,1,0.0396,129.873,4,0.555,1,Where Them Girls At (feat. Nicki Minaj & Flo Rida),"David Guetta,Flo Rida,Nicki Minaj"
0.135,0.594,181144,0.676,0.0,2,0.163,-5.808,1,0.344,143.477,4,0.472,1,GATTI,"JACKBOYS,Pop Smoke,Travis Scott"
0.00883,0.702,203064,0.825,0.0,6,0.0674,-3.787,0,0.0601,102.977,4,0.915,1,Levitating (feat. DaBaby),"Dua Lipa,DaBaby"
0.0185,0.758,193386,0.712,0.0,7,0.0677,-3.781,1,0.112,149.998,4,0.795,1,Kiss Me Thru The Phone,"Soulja Boy,Sammie"
0.132,0.919,220240,0.506,0.0,1,0.0771,-7.14,1,0.304,97.465,4,0.273,1,HeadBand (feat. 2 Chainz),"B.o.B,2 Chainz"
0.15,0.762,225373,0.661,0.0,1,0.256,-6.075,0,0.0687,130.009,4,0.769,1,Beautiful Girls,Sean Kingston
0.0144,0.584,236883,0.859,0.0,8,0.847,-5.616,1,0.121,77.005,4,0.369,1,Miss The Rage (feat. Playboi Carti),"Trippie Redd,Playboi Carti"
0.0594,0.506,192946,0.745,0.0,8,0.341,-6.044,1,0.331,161.808,4,0.311,1,Bonfire,Childish Gambino
0.066,0.877,226533,0.558,0.0,1,0.0745,-4.896,1,0.342,157.027,4,0.493,1,Womp Womp,"Valee,Jeremih"
0.00276,0.865,61826,0.798,0.71,11,0.367,-6.607,0,0.367,125.005,5,0.106,1,TAPP,3OH!3
0.337,0.706,205093,0.485,0.0,8,0.122,-9.671,1,0.331,115.414,4,0.144,1,Who Dat Boy (feat. A$AP Rocky),"Tyler, The Creator,A$AP Rocky"
0.0399,0.744,192506,0.726,0.0,1,0.374,-4.675,1,0.0463,121.985,4,0.687,1,Body On My,"Loud Luxury,Pitbull,Nicky Jam,Brando"
0.191,0.671,252306,0.939,0.0,8,0.298,-3.206,1,0.161,129.024,4,0.53,1,Give Me Everything (feat. Nayer),"Pitbull,AFROJACK,Ne-Yo,Nayer"
0.0124,0.67,227280,0.855,0.0,0,0.335,-3.035,0,0.0499,120.05,4,0.648,1,International Love (feat. Chris Brown),"Pitbull,Chris Brown"
0.0112,0.644,222053,0.725,0.0,11,0.146,-4.618,1,0.0701,77.977,4,0.584,1,Cyclone (feat. T-Pain) - Main,"Baby Bash,T-Pain"
0.102,0.965,199266,0.692,3.06e-06,1,0.0875,-4.08,1,0.22,123.999,4,0.422,1,Perfect (feat. City Girls),"Cousin Stizz,City Girls"
0.231,0.647,193838,0.667,0.0,5,0.133,-5.563,1,0.304,172.08,4,0.704,1,Mr. Right Now (feat. Drake),"21 Savage,Metro Boomin,Drake"
0.1,0.794,165373,0.871,0.0,11,0.384,-6.797,0,0.0632,89.997,4,0.729,1,Freak Hoe,Speaker Knockerz
0.321,0.939,212360,0.742,0.0,5,0.107,-5.171,0,0.0467,118.978,4,0.924,1,Smack That,"Akon,Eminem"
0.121,0.735,220520,0.699,2.82e-05,0,0.0809,-4.435,0,0.084,129.944,4,0.603,1,Take over Control (feat. Eva Simons),"AFROJACK,Eva Simons"
0.00167,0.762,165000,0.904,0.841,5,0.436,-4.064,1,0.0862,127.962,4,0.518,1,Bring It Back (feat. Max Styler),"Deorro,MAKJ,Max Styler"
0.0897,0.713,241933,0.826,0.0,8,0.421,-4.075,1,0.243,86.444,4,0.664,1,I Love College,Asher Roth
0.022,0.91,276333,0.444,0.0,1,0.137,-8.126,0,0.344,149.953,4,0.53,1,Rake It Up (feat. Nicki Minaj),"Yo Gotti,Nicki Minaj"
0.00243,0.791,259072,0.634,5.43e-05,1,0.0812,-7.684,0,0.0639,152.961,4,0.323,1,Down In the DM (feat. Nicki Minaj) - Remix,"Yo Gotti,Nicki Minaj"
0.0288,0.699,211975,0.883,0.0,5,0.817,-3.226,0,0.219,127.961,4,0.499,1,Five More Hours,"Deorro,Chris Brown"
0.268,0.738,180897,0.629,0.00114,6,0.163,-4.882,0,0.0495,146.067,4,0.319,1,Mo Bamba,Sheck Wes
0.0301,0.521,334066,0.625,0.0,1,0.121,-7.47,1,0.067,101.019,4,0.136,1,Get Low,"Lil Jon & The East Side Boyz,Ying Yang Twins"
0.114,0.775,323253,0.655,0.00016,5,0.035,-7.333,1,0.102,114.503,4,0.346,1,Doses & Mimosas,Cherub
0.0151,0.693,228267,0.678,5.71e-06,8,0.101,-7.159,1,0.0324,103.952,4,0.404,1,Higher Love,"Kygo,Whitney Houston"
0.38,0.675,294213,0.734,0.895,7,0.141,-8.659,1,0.0265,101.998,4,0.533,1,Mr. Rager,Kid Cudi
0.345,0.832,132832,0.534,0.0,1,0.165,-7.813,0,0.253,93.924,4,0.116,1,Martin & Gina,Polo G
0.0506,0.729,250666,0.658,0.0,10,0.0693,-3.386,0,0.225,140.043,3,0.551,1,Kiss Kiss (feat. T-Pain),"Chris Brown,T-Pain"
0.11,0.783,247426,0.916,0.0,1,0.0746,-3.344,1,0.415,95.321,4,0.695,1,Lean Back,"Terror Squad,Fat Joe,Remy Ma"
0.000683,0.607,231173,0.783,0.0,7,0.0678,-4.41,1,0.0397,113.172,4,0.434,1,Let It Rock,"Kevin Rudolf,Lil Wayne"
0.00541,0.619,253400,0.709,0.0,7,0.507,-4.633,1,0.0395,144.972,4,0.68,1,Party Like A Rock Star,SHOP BOYZ
0.291,0.81,246573,0.755,0.0,0,0.0857,-6.408,1,0.199,130.991,4,0.625,1,Glamorous,"Fergie,Ludacris"
0.015,0.567,210040,0.677,4.43e-05,11,0.134,-3.904,0,0.0348,126.958,4,0.441,1,We Got U,"Lemaitre,The Knocks"
0.0795,0.723,139999,0.892,7.46e-05,7,0.279,-7.172,1,0.11,120.02,4,0.501,1,Hello Stranger,"Abhi The Nomad,Foster Cazz"
0.938,0.29,222820,0.308,0.0294,5,0.106,-11.074,1,0.0442,84.88,1,0.205,1,monsoon,Hippo Campus
0.871,0.332,183333,0.311,0.0,9,0.136,-9.568,1,0.0302,90.242,4,0.442,1,Happy Accidents,Saint Motel
0.0392,0.67,192040,0.843,0.0,1,0.225,-4.311,1,0.0454,117.01,4,0.713,1,Sweet Talk,Saint Motel
0.462,0.697,173630,0.877,0.00943,3,0.083,-4.465,1,0.0462,101.99,4,0.802,1,Left Hand Free,alt-J
0.27,0.886,200205,0.473,2.58e-05,7,0.0864,-7.338,0,0.255,135.065,4,0.438,1,I Do (feat. SZA),"Cardi B,SZA"
0.617,0.703,221746,0.757,0.0,1,0.106,-3.612,1,0.05,82.008,4,0.696,1,The Way Life Goes (feat. Oh Wonder),"Lil Uzi Vert,Oh Wonder"
0.011,0.487,214320,0.876,0.0,0,0.401,-3.152,1,0.0946,164.997,4,0.725,1,Here's to Never Growing Up,Avril Lavigne
0.066,0.595,229666,0.749,4.24e-05,4,0.0798,-5.992,1,0.0541,80.033,4,0.636,1,The Way It Was,Coast Modern
0.135,0.692,181506,0.855,0.0,8,0.185,-4.704,1,0.0344,119.966,4,0.636,1,Getaway,Saint Motel
0.261,0.712,249520,0.563,2.61e-05,7,0.137,-7.435,0,0.0712,140.048,4,0.502,1,Loud(y),Lewis Del Mar
0.00435,0.405,195372,0.967,0.239,10,0.341,-3.975,0,0.0427,169.933,4,0.957,1,Who Are You?,Spring King
0.214,0.893,204716,0.715,0.0116,6,0.0717,-6.284,0,0.125,125.047,4,0.0465,1,F.E.E.L.,Lucky Luke
0.0113,0.407,214733,0.925,0.0025,11,0.192,-4.155,0,0.0747,151.993,4,0.119,1,Frontlines,"Zeds Dead,NGHTMRE,GG Magree"
0.108,0.45,284444,0.756,0.0205,1,0.0762,-6.307,0,0.0389,135.102,4,0.268,1,Collapse (feat. Memorecks),"Zeds Dead,Memorecks"
0.034,0.47,350690,0.706,1.31e-06,0,0.0726,-4.902,0,0.0322,88.519,4,0.327,1,Sad Machine,Porter Robinson
0.00652,0.613,230773,0.661,0.0,9,0.0976,-4.984,1,0.0263,110.978,4,0.509,1,Cold Cold Man,Saint Motel
0.0641,0.595,204811,0.896,5.82e-05,10,0.0748,-2.951,1,0.047,118.001,4,0.567,1,My Type,Saint Motel
0.0586,0.593,233986,0.833,2.48e-06,11,0.0866,-3.197,0,0.0573,80.015,4,0.45,1,Long Way Down,Robert DeLong
0.232,0.76,204466,0.701,0.00295,3,0.07,-6.393,1,0.042,140.023,4,0.81,1,Guru,Coast Modern
0.0351,0.601,249746,0.859,0.331,4,0.144,-6.311,0,0.0397,101.003,4,0.431,1,Purple Yellow Red and Blue,Portugal. The Man
0.127,0.61,176920,0.914,0.258,11,0.34,-4.158,0,0.0397,168.071,4,0.74,1,Gamma Ray,Beck
0.238,0.787,208653,0.655,0.000171,6,0.138,-8.339,0,0.0431,102.485,4,0.65,1,Upside Down,Jack Johnson
0.096,0.615,227080,0.658,0.000911,5,0.205,-7.299,1,0.0343,150.093,4,0.293,1,Breezeblocks,alt-J
0.714,0.682,217320,0.581,0.323,7,0.0802,-10.339,1,0.0295,108.98,4,0.539,1,Something Good,alt-J
0.0986,0.557,239013,0.605,0.0394,2,0.0859,-8.194,1,0.0376,107.951,4,0.121,1,Dissolve Me,alt-J
0.779,0.359,314986,0.48,0.00328,5,0.0784,-10.634,1,0.0349,171.75,4,0.283,1,Taro,alt-J
0.142,0.584,219400,0.594,0.00117,9,0.105,-6.935,1,0.0487,143.935,4,0.36,1,Fitzpleasure,alt-J
0.949,0.619,209270,0.0488,0.000523,2,0.131,-18.962,1,0.061,114.685,4,0.101,1,Pusher,alt-J
0.149,0.581,235106,0.744,1.68e-05,11,0.0969,-6.561,1,0.0538,158.05,4,0.813,1,I Want to Know,KONGOS
0.279,0.532,215011,0.462,0.196,10,0.101,-10.71,1,0.03,80.001,4,0.485,1,Mad Sounds,Arctic Monkeys
0.00204,0.852,261399,0.803,0.0,6,0.121,-6.929,0,0.264,96.2,4,0.752,1,Express Yourself - Remix,N.W.A.
0.00435,0.792,159560,0.688,0.00477,0,0.0972,-4.008,1,0.0386,124.987,4,0.502,1,Intoxicated - Radio Edit,"Martin Solveig,Good Times Ahead"
0.0918,0.689,252306,0.617,2.08e-05,4,0.0816,-5.196,1,0.029,121.062,4,0.682,1,Brazil,Declan McKenna
0.00255,0.495,240798,0.778,0.0487,0,0.402,-5.21,1,0.0292,96.023,4,0.143,1,Quartz,TV On The Radio
0.0178,0.658,274411,0.688,0.000183,7,0.256,-3.709,1,0.0263,123.058,4,0.214,1,Trouble,TV On The Radio
0.195,0.321,227426,0.322,1.21e-06,11,0.107,-10.07,0,0.0481,79.879,4,0.19,1,Friends with Enemies,Atlas Genius
0.459,0.539,204400,0.446,0.0,5,0.133,-7.691,1,0.0263,96.984,4,0.226,1,Levitate,Atlas Genius
0.0054,0.568,191640,0.746,0.0,7,0.162,-5.437,1,0.0462,125.04,4,0.409,1,Stockholm,Atlas Genius
0.00108,0.468,188466,0.829,0.0,9,0.0679,-5.42,0,0.0808,182.984,4,0.35,1,A Perfect End,Atlas Genius
0.00301,0.566,199175,0.83,0.357,11,0.35,-6.344,0,0.0289,129.829,4,0.712,1,Ung og Blank,Hvitmalt gjerde
0.182,0.685,242346,0.645,0.00532,0,0.138,-6.73,1,0.0256,119.936,4,0.461,1,Blue Moon,Beck
0.00073,0.589,314320,0.956,0.051,1,0.139,-3.587,0,0.0406,113.996,4,0.751,1,Dreams,Beck
0.00133,0.624,202360,0.959,0.171,11,0.101,-6.253,0,0.0769,95.794,4,0.69,1,E-Pro,Beck
0.0337,0.654,235000,0.611,0.000178,2,0.405,-10.45,1,0.119,85.387,4,0.786,1,Loser,Beck
0.26,0.611,227360,0.577,0.000807,0,0.467,-8.728,1,0.0297,119.877,4,0.214,1,Lost Cause,Beck
0.595,0.54,189173,0.301,0.000107,7,0.106,-8.902,1,0.0265,108.554,4,0.255,1,Don't Let It Go,Beck
0.808,0.0751,220280,0.337,0.00626,11,0.107,-7.818,1,0.0339,79.093,3,0.0322,1,Wave,Beck
0.205,0.466,372386,0.873,0.00664,1,0.667,-6.884,0,0.22,124.93,4,0.688,1,Deadweight,Beck
0.0495,0.664,200306,0.815,0.000185,7,0.133,-6.958,1,0.0567,81.575,4,0.8,1,Tropicalia,Beck
0.00233,0.633,173906,0.945,0.00562,1,0.0871,-4.529,1,0.0337,114.862,4,0.95,1,Nausea,Beck
0.442,0.55,319786,0.377,0.0955,4,0.126,-9.933,1,0.0254,113.608,4,0.261,1,Morning,Beck
0.717,0.521,142226,0.473,0.0,7,0.0715,-5.353,1,0.0275,97.09,4,0.46,1,We're Going To Be Friends,The White Stripes
0.00576,0.75,231800,0.462,0.545,0,0.307,-7.664,1,0.0779,123.865,4,0.309,1,Seven Nation Army,The White Stripes
0.0825,0.482,157560,0.654,1.15e-05,10,0.27,-8.4,0,0.316,151.269,4,0.655,1,Blue Orchid,The White Stripes
0.00846,0.693,212266,0.539,0.377,7,0.0953,-8.366,1,0.0796,128.414,4,0.535,1,The Hardest Button To Button,The White Stripes
0.29,0.216,266893,0.554,0.0001,9,0.116,-7.606,1,0.0315,166.581,4,0.113,1,Little One,Beck
0.00668,0.362,266365,0.599,0.0129,7,0.101,-8.333,0,0.0297,110.779,4,0.409,1,Head Above The Water,Palace
0.00341,0.427,220987,0.903,0.744,11,0.112,-4.935,0,0.0378,138.545,4,0.166,1,Roses,Deon Custom
0.109,0.718,226533,0.703,0.822,7,0.208,-7.162,0,0.0382,87.975,4,0.858,1,Loud Pipes,Ratatat
0.348,0.457,269693,0.455,0.00122,0,0.142,-8.112,1,0.188,100.049,4,0.163,1,Coffee,Sylvan Esso
0.00131,0.528,266053,0.86,0.25,11,0.251,-8.033,0,0.0397,123.12,4,0.49,1,Wide Eyes,Local Natives
0.0417,0.679,158133,0.77,0.0527,5,0.124,-7.673,1,0.111,184.047,4,0.843,1,Swing Tree,Discovery
0.534,0.588,237933,0.529,0.0683,2,0.126,-7.838,1,0.0242,95.971,4,0.591,1,Airplanes,Local Natives
0.0356,0.483,229893,0.804,1.6e-06,8,0.0736,-3.452,1,0.0501,73.048,4,0.811,1,Rill Rill,Sleigh Bells
0.245,0.87,198440,0.699,6.76e-06,5,0.0588,-5.541,0,0.0459,126.967,4,0.726,1,Walking On A Dream,Empire Of The Sun
0.392,0.47,225973,0.623,0.000439,0,0.0992,-5.655,1,0.0302,77.861,4,0.298,1,Trouble,Cage The Elephant
0.266,0.214,282633,0.923,0.028,1,0.138,-7.226,1,0.0537,199.735,3,0.59,1,Fools,The Dodos
0.179,0.699,206560,0.821,0.0,5,0.179,-4.682,1,0.0482,105.023,4,0.725,1,Zlatan,Sanjin & Youthman
0.0179,0.638,189466,0.817,0.0,10,0.338,-5.021,0,0.0636,101.028,4,0.716,1,Move,Saint Motel
0.021,0.495,192631,0.831,4.79e-05,5,0.495,-5.812,0,0.0319,128.064,5,0.414,1,Now That I've Found You (feat. John & Michel),"Martin Garrix,John & Michel"
0.00916,0.704,196813,0.898,1.21e-06,2,0.342,-3.455,1,0.0448,100.004,4,0.169,1,Sto bene così,Rocco Hunt
0.0498,0.55,224486,0.689,0.0,3,0.207,-7.76,0,0.094,99.904,4,0.408,1,Raging (feat. Kodaline),"Kygo,Kodaline"
0.0117,0.779,223227,0.681,4.63e-06,7,0.0687,-4.837,1,0.212,102.018,4,0.779,1,I Trusted U,Balkan Beat Box
0.399,0.611,241173,0.556,0.000228,1,0.122,-7.31,1,0.056,125.979,4,0.23,1,Porcelain,Skott
0.394,0.837,261973,0.829,0.0496,11,0.112,-8.738,1,0.0495,118.002,4,0.927,1,Flashed Junk Mind,Milky Chance
0.736,0.487,289306,0.369,3.75e-05,11,0.0925,-13.424,0,0.0406,183.114,4,0.106,1,Gooey,Glass Animals
0.129,0.648,230693,0.718,0.00156,9,0.112,-7.765,0,0.0298,96.017,4,0.785,1,Youth,Glass Animals
0.00315,0.345,233866,0.858,0.000567,8,0.439,-5.249,0,0.109,167.406,4,0.275,1,Psycho Lovers,Local Natives
0.00208,0.597,214266,0.924,7.84e-05,9,0.15,-4.076,1,0.0432,121.034,4,0.881,1,Animals,Coast Modern
0.0143,0.57,177533,0.836,0.139,8,0.0684,-5.464,1,0.0392,76.539,4,0.726,1,You Can Be You,Saint Motel
0.0406,0.78,163250,0.798,6.31e-05,1,0.0733,-5.151,0,0.0613,78.969,4,0.771,1,Feel It Still,Portugal. The Man
0.021,0.542,245456,0.906,0.00043,9,0.377,-4.213,1,0.0491,120.014,4,0.515,1,Way It Goes,Hippo Campus
0.584,0.46,226173,0.793,0.093,0,0.151,-6.665,1,0.0434,87.008,4,0.521,1,Ace in the Hole,Saint Motel
0.349,0.689,320654,0.338,5.7e-05,11,0.0649,-7.634,0,0.0629,128.012,4,0.568,1,The Other Side Of Paradise,Glass Animals
0.142,0.495,206026,0.745,0.000441,11,0.194,-5.475,0,0.035,143.398,4,0.589,1,In Cold Blood,alt-J
0.0355,0.673,201600,0.676,0.0,1,0.107,-5.002,1,0.0308,134.944,4,0.57,1,Whatever It Takes,Imagine Dragons
0.0417,0.772,203782,0.775,0.0,10,0.226,-4.388,0,0.112,124.978,4,0.748,1,Believer,Imagine Dragons
0.00593,0.608,187761,0.841,0.0573,0,0.121,-3.798,1,0.0464,167.969,4,0.274,1,Thunder,Imagine Dragons
0.916,0.481,143966,0.164,0.145,2,0.16,-17.201,1,0.0391,130.229,4,0.405,1,"Dancing in the Moonlight (It's Caught Me in Its Spotlight) - Live from Spotify Studios, New York City, NY",alt-J
0.81,0.713,247933,0.319,5.71e-06,0,0.142,-11.099,1,0.028,94.043,4,0.472,1,Dead Sea,The Lumineers
0.0492,0.755,266600,0.553,0.00607,6,0.0646,-9.449,0,0.107,119.7,4,0.836,1,If I Ever Feel Better,Phoenix
0.0998,0.743,255160,0.659,0.00028,10,0.0622,-6.755,1,0.0343,114.033,4,0.804,1,Cocoon,Milky Chance
0.00257,0.515,209557,0.869,2.01e-06,11,0.21,-4.732,1,0.0672,93.24,4,0.452,1,Greek Tragedy,The Wombats
0.0595,0.717,223946,0.858,0.158,0,0.0957,-4.514,1,0.0256,111.472,4,0.464,1,Midnight Movies,Saint Motel
0.000402,0.256,210453,0.898,0.00372,4,0.1,-5.528,1,0.115,98.097,4,0.293,1,Going Down,Coast Modern
0.601,0.532,214666,0.587,0.00588,8,0.961,-8.732,0,0.0634,79.03,4,0.371,1,Wild Things,Coast Modern
0.012,0.684,178520,0.844,0.000209,2,0.118,-3.614,1,0.032,124.988,4,0.771,1,Now I'm Cool,Coast Modern
0.0197,0.811,260160,0.51,0.072,9,0.054,-6.474,0,0.0424,125.035,4,0.641,1,Dizzy,Dimmi
0.271,0.64,223186,0.635,0.0,8,0.319,-7.565,0,0.226,100.034,4,0.475,1,Stole the Show,"Kygo,Parson James"
0.00163,0.662,181672,0.858,0.0,2,0.0456,-4.844,1,0.0428,133.993,4,0.295,1,Without You (feat. Sandro Cavazza),"Avicii,Sandro Cavazza"
0.31,0.579,230613,0.736,0.0,6,0.198,-3.863,0,0.0527,127.999,4,0.613,1,Waiting For Love,Avicii
0.134,0.655,181812,0.666,2.12e-05,5,0.0683,-5.309,1,0.0612,102.977,4,0.272,1,Lonely Together (feat. Rita Ora),"Avicii,Rita Ora"
0.0166,0.527,176658,0.835,0.0,6,0.249,-5.298,1,0.0433,125.983,4,0.654,1,The Nights,Avicii
0.000647,0.577,204280,0.922,0.0,8,0.0984,-3.339,0,0.0445,142.037,4,0.679,1,Borderline,Tove Styrke
0.133,0.627,194053,0.633,7.07e-05,10,0.216,-7.41,0,0.0305,85.999,4,0.763,1,Modern Jesus,Portugal. The Man
0.0507,0.63,227253,0.736,0.00244,10,0.109,-7.302,0,0.0384,137.948,4,0.919,1,Atomic Man,Portugal. The Man
0.04,0.688,212146,0.847,2.81e-06,10,0.598,-3.238,0,0.0508,93.979,4,0.453,1,Genghis Khan,Miike Snow
0.00525,0.301,207839,0.935,0.84,6,0.249,-5.557,1,0.103,202.828,4,0.249,1,Play With Me,Extreme
0.283,0.922,219000,0.927,0.00331,11,0.719,-3.025,1,0.105,129.978,4,0.796,1,La Mamá de la Mamá (feat. El Cherry Scom),"El Alfa,CJ,Chael Produciendo,El Cherry Scom"
0.00757,0.775,198041,0.652,0.000598,0,0.105,-9.906,1,0.152,143.08,4,0.922,1,Toxic Pony,"ALTÉGO,Britney Spears,Ginuwine"
0.356,0.564,230400,0.903,0.0,5,0.175,-3.221,1,0.307,78.293,4,0.607,1,Después de la Playa,Bad Bunny
0.114,0.741,248133,0.565,0.0,5,0.205,-5.448,0,0.108,134.122,4,0.892,1,Confident,"Justin Bieber,Chance the Rapper"
0.0163,0.76,171646,0.755,2.95e-06,6,0.0909,-4.735,0,0.19,101.993,4,0.517,1,"Leave Em Alone (Layton Greene, Lil Baby feat. City Girls, PnB Rock)","Quality Control,Layton Greene,Lil Baby,City Girls,PnB Rock"
0.0258,0.716,178613,0.757,0.00392,11,0.16,-5.438,0,0.0329,139.986,4,0.877,1,Heartbroken - Edit,T2
0.00153,0.492,178414,0.856,0.0,5,0.495,-3.476,1,0.0336,123.913,4,0.391,1,Cheatin' (feat. MALIKA),"Nathan Dawe,Malika"
0.025,0.79,223794,0.728,0.00106,7,0.172,-6.523,1,0.0612,110.059,4,0.333,1,disco tits,Tove Lo
0.156,0.882,170653,0.839,0.0,4,0.132,-3.193,1,0.082,117.032,4,0.71,1,Fast (Motion),Saweetie
0.438,0.907,220779,0.577,3.19e-05,1,0.137,-6.737,0,0.0767,140.07,4,0.801,1,Silent Hill,"Kendrick Lamar,Kodak Black"
0.0201,0.768,267426,0.471,0.0,2,0.268,-8.406,1,0.259,131.023,4,0.405,1,X (with 2 Chainz & Saudi),"ScHoolboy Q,2 Chainz,Saudi"
0.0265,0.658,227360,0.535,0.0,9,0.2,-8.983,0,0.0573,110.684,4,0.419,1,LOYALTY. FEAT. RIHANNA.,"Kendrick Lamar,Rihanna"
0.00454,0.638,185946,0.523,0.0,1,0.0842,-6.664,1,0.357,139.913,4,0.422,1,DNA.,Kendrick Lamar
0.0538,0.487,350120,0.729,4.07e-06,2,0.44,-6.815,1,0.271,91.048,4,0.217,1,m.A.A.d city,"Kendrick Lamar,MC Eiht"
0.118,0.796,255560,0.5,0.0,1,0.155,-7.21,1,0.425,75.012,4,0.227,1,4 AM,"2 Chainz,Travis Scott"
0.111,0.935,145626,0.552,0.0,10,0.0952,-9.373,0,0.335,99.993,4,0.615,1,Faucet Failure,Ski Mask The Slump God
0.0149,0.921,191251,0.467,0.000238,1,0.334,-8.443,1,0.119,135.995,4,0.287,1,PICK IT UP (feat. A$AP Rocky),"Famous Dex,A$AP Rocky"
0.68,0.767,121680,0.538,0.0,0,0.192,-6.044,0,0.052,81.031,4,0.343,1,Taking A Walk,Trippie Redd
0.0319,0.804,169344,0.66,0.0,10,0.103,-4.86,0,0.0726,94.053,4,0.257,1,Transportin',Kodak Black
0.103,0.672,180379,0.717,0.0,5,0.398,-7.476,1,0.226,157.905,4,0.473,1,Tell Em,"Cochise,$NOT"
0.139,0.851,129105,0.666,0.0,11,0.105,-5.334,0,0.0694,134.068,4,0.0585,1,Outside Today,YoungBoy Never Broke Again
0.123,0.925,145506,0.31,0.0,11,0.0931,-6.531,0,0.291,121.927,4,0.291,1,All Mine,Kanye West
0.0528,0.557,181573,0.586,7.33e-06,10,0.339,-4.57,1,0.0382,96.091,4,0.0681,1,Waves,Kanye West
0.145,0.808,210800,0.745,0.0,10,0.292,-5.26,0,0.342,165.995,4,0.829,1,Godzilla (feat. Juice WRLD),"Eminem,Juice WRLD"
0.0149,0.82,196179,0.592,4.71e-06,1,0.121,-7.002,1,0.29,159.98,4,0.4,1,Took Her To The O,King Von
0.106,0.681,175203,0.701,0.0,9,0.208,-6.336,1,0.0767,139.952,4,0.398,1,Do What I Want,Lil Uzi Vert
0.0542,0.779,153428,0.455,0.0,1,0.177,-15.025,1,0.28,140.181,4,0.197,1,Uber Everywhere,MadeinTYO
0.073,0.754,121346,0.342,0.0,10,0.193,-8.677,0,0.0991,128.981,4,0.423,1,REEL IT IN,Aminé
0.0623,0.692,334253,0.774,0.0,6,0.873,-2.48,0,0.0876,134.952,4,0.349,1,Champions,"Kanye West,Gucci Mane,Big Sean,2 Chainz,Travis Scott,Yo Gotti,Quavo,Desiigner"
0.0355,0.963,142273,0.346,0.0,5,0.108,-9.309,0,0.53,119.957,4,0.562,1,Yes Indeed,"Lil Baby,Drake"
0.00381,0.8,203161,0.578,0.0,4,0.367,-5.144,0,0.0485,143.01,4,0.367,1,Wake Up in the Sky,"Gucci Mane,Bruno Mars,Kodak Black"
0.0706,0.676,237735,0.609,0.0,2,0.152,-5.831,0,0.481,142.037,4,0.508,1,Life Is Good (feat. Drake),"Future,Drake"
0.301,0.692,292986,0.521,0.0,10,0.0565,-8.465,0,0.33,100.45,4,0.463,1,No Role Modelz,J. Cole
0.186,0.736,169999,0.67,0.0,10,0.114,-6.702,1,0.311,130.032,4,0.845,1,Armed And Dangerous,Juice WRLD
0.174,0.682,192470,0.559,0.0,0,0.344,-5.545,1,0.127,202.015,4,0.137,1,Pure Water (with Migos),"Mustard,Migos"
0.0142,0.936,255378,0.585,0.0,0,0.132,-6.914,1,0.125,124.991,4,0.242,1,Narcos,Migos
0.000634,0.742,293840,0.844,0.0,2,0.0659,-4.622,1,0.0479,131.986,4,0.416,1,I Don't Like,"Chief Keef,Lil Reese"
0.0849,0.787,148759,0.713,0.0,7,0.717,-5.252,1,0.401,175.046,4,0.761,1,Camelot,NLE Choppa
0.00508,0.677,206385,0.557,8.36e-06,1,0.0984,-8.409,1,0.0694,150.127,4,0.1,1,Nail Tech,Jack Harlow
0.00153,0.428,221000,0.877,0.00372,5,0.0943,-4.722,0,0.0835,75.518,4,0.113,1,Feel Something (With I Prevail),"ILLENIUM,Excision,I Prevail"
0.00411,0.635,209014,0.945,2.41e-05,2,0.314,-2.298,1,0.036,125.024,4,0.686,1,Give Me Your Love - Radio Edit,"Sigala,John Newman,Nile Rodgers"
0.0018,0.581,190706,0.888,0.0,0,0.413,-3.198,1,0.0587,120.041,4,0.629,1,Double Vision,3OH!3
0.308,0.531,203794,0.544,1.89e-06,0,0.0835,-8.615,0,0.462,131.921,4,0.398,1,All We Got (feat. Kanye West & Chicago Children's Choir),"Chance the Rapper,Kanye West,Chicago Children's Choir"
0.00193,0.745,168641,0.869,0.0,6,0.0799,-4.375,1,0.0444,104.015,4,0.814,1,In My Room (feat. Ty Dolla $ign & Tyga),"Yellow Claw,Mustard,Ty Dolla $ign,Tyga"
0.0076,0.824,169153,0.862,0.000132,2,0.303,-3.424,1,0.126,122.98,4,0.801,1,Friday (feat. Mufasa & Hypeman) - Dopamine Re-Edit,"Riton,Nightcrawlers,Mufasa & Hypeman,Dopamine"
0.207,0.898,150635,0.893,9.33e-05,1,0.061,-7.255,1,0.225,129.047,4,0.653,1,Pump It Up,Endor
0.197,0.573,212560,0.929,0.000112,8,0.0567,-3.942,0,0.109,127.934,4,0.582,1,Sweet Nothing (feat. Florence Welch),"Calvin Harris,Florence Welch"
0.0435,0.713,226738,0.802,0.00377,4,0.309,-7.055,1,0.0561,100.001,4,0.343,1,Roses,"The Chainsmokers,ROZES"
0.0921,0.721,229360,0.802,0.0,1,0.694,-5.797,1,0.0583,124.022,4,0.724,1,Time of Our Lives,"Pitbull,Ne-Yo"
0.0338,0.663,220800,0.861,0.0,7,0.082,-3.398,0,0.109,119.963,4,0.654,1,DJ Got Us Fallin' In Love (feat. Pitbull),"USHER,Pitbull"
0.0434,0.595,234453,0.912,0.0,10,0.259,-3.428,0,0.0884,128.024,4,0.762,1,Hey Baby (Drop It to the Floor) (feat. T-Pain),"Pitbull,T-Pain"
0.245,0.695,244173,0.837,0.0,1,0.367,-5.617,0,0.281,115.067,4,0.639,1,Greenlight (feat. Flo Rida & LunchMoney Lewis),"Pitbull,Flo Rida,LunchMoney Lewis"
0.0203,0.736,212000,0.704,0.0,3,0.0501,-7.409,0,0.0615,149.995,4,0.894,1,INDUSTRY BABY (feat. Jack Harlow),"Lil Nas X,Jack Harlow"
0.00882,0.613,231240,0.622,0.0,1,0.37,-5.794,0,0.0334,80.003,4,0.484,1,We Can't Stop,Miley Cyrus
0.732,0.487,327746,0.794,0.0,7,0.343,-6.367,1,0.0656,131.421,3,0.853,1,Rattlin' Bog,Carlyle Fraser
0.0163,0.791,192573,0.713,0.0,5,0.189,-3.742,0,0.254,130.012,4,0.514,1,DONTTRUSTME,3OH!3
0.484,0.63,295293,0.605,9.29e-05,0,0.298,-8.951,1,0.0414,115.277,4,0.266,1,Pursuit Of Happiness (Nightmare),"Kid Cudi,MGMT,Ratatat"
0.233,0.716,165977,0.537,0.0,0,0.157,-7.648,0,0.0514,129.979,4,0.28,1,THE SCOTTS,"THE SCOTTS,Travis Scott,Kid Cudi"
0.179,0.597,257560,0.517,0.0,0,0.307,-6.963,1,0.365,92.035,4,0.412,1,Imma Be,Black Eyed Peas
0.103,0.902,212712,0.743,5.53e-06,0,0.0956,-3.495,1,0.284,135.951,4,0.626,1,Hannah Montana,Migos
0.00552,0.745,237240,0.346,0.0,1,0.0881,-7.709,1,0.331,203.911,4,0.112,1,"BIG BANK (feat. 2 Chainz, Big Sean, Nicki Minaj)","YG,2 Chainz,Big Sean,Nicki Minaj"
0.0167,0.77,176840,0.724,0.0107,8,0.353,-5.484,1,0.0495,121.975,4,0.898,1,Roses - Imanbek Remix,"SAINt JHN,Imanbek"
0.257,0.881,129546,0.623,1.5e-06,1,0.0964,-9.662,1,0.119,88.953,4,0.745,1,Foot Fungus,Ski Mask The Slump God
0.113,0.808,166400,0.617,0.0,10,0.734,-9.32,0,0.442,149.962,4,0.632,1,Nuketown (feat. Juice WRLD),"Ski Mask The Slump God,Juice WRLD"
0.0144,0.584,236883,0.859,0.0,8,0.847,-5.616,1,0.121,77.005,4,0.369,1,Miss The Rage (feat. Playboi Carti),"Trippie Redd,Playboi Carti"
0.000107,0.766,181573,0.442,6.12e-05,1,0.111,-8.558,1,0.356,201.8,4,0.39,1,The Motto,"Drake,Lil Wayne"
0.26,0.684,175058,0.774,0.0,7,0.108,-5.951,1,0.188,84.991,4,0.448,1,Weekend,"Louis The Child,Icona Pop"
0.0015,0.561,210093,0.87,2.82e-06,8,0.246,-6.103,1,0.343,129.98,4,0.498,1,Memories (feat. Kid Cudi),"David Guetta,Kid Cudi"
0.213,0.646,227266,0.823,0.0,2,0.322,-4.123,0,0.0394,128.035,4,0.418,1,Outside (feat. Ellie Goulding),"Calvin Harris,Ellie Goulding"
0.382,0.593,282812,0.392,0.000114,10,0.131,-6.872,0,0.0257,75.065,4,0.25,1,You & Me - Flume Remix,"Disclosure,Eliza Doolittle,Flume"
0.66,0.769,164640,0.479,0.0,1,0.0914,-5.339,1,0.0385,96.051,4,0.803,1,Magic In The Hamptons (feat. Lil Yachty),"Social House,Lil Yachty"
0.00776,0.762,287120,0.766,6.98e-05,7,0.128,-3.955,1,0.0343,130.001,4,0.442,1,Pepas,Farruko
0.00758,0.888,233480,0.556,0.0584,7,0.0553,-8.38,1,0.186,126.008,4,0.45,1,Calabria 2007 (feat. Natasja) - Radio Edit,"Enur,Natasja"
0.0563,0.752,235384,0.635,0.0,1,0.118,-9.528,0,0.106,104.033,4,0.639,1,HeadBand (feat. 2 Chainz) - Coucheron Remix,"B.o.B,2 Chainz,Coucheron"
0.000972,0.707,206413,0.924,0.00703,7,0.204,-2.842,1,0.031,127.937,4,0.919,1,Feel So Close - Radio Edit,Calvin Harris
0.0318,0.716,164522,0.936,0.0,1,0.367,-4.968,0,0.123,81.508,4,0.799,1,Donald Trump,Mac Miller
0.107,0.682,197929,0.934,0.0,4,0.749,-2.526,0,0.129,109.032,4,0.487,1,Knock Knock,Mac Miller
0.0123,0.846,204956,0.772,0.000106,11,0.0769,-5.735,0,0.259,125.998,4,0.622,1,212,"Azealia Banks,Lazy Jay"
0.117,0.801,177658,0.743,0.0,11,0.103,-5.071,0,0.321,108.257,4,0.385,1,Budget,cupcakKe
0.231,0.647,193838,0.667,0.0,5,0.133,-5.563,1,0.304,172.08,4,0.704,1,Mr. Right Now (feat. Drake),"21 Savage,Metro Boomin,Drake"
0.0131,0.983,125030,0.86,0.0,9,0.0859,-3.583,1,0.0829,126.039,4,0.88,1,Kitty Kat,Megan Thee Stallion
4.14e-05,0.729,215200,0.675,0.00126,5,0.0867,-5.292,0,0.0286,125.036,4,0.74,1,Take It Off,Kesha
0.167,0.814,201334,0.628,0.0,7,0.101,-7.178,1,0.221,123.977,4,0.677,1,Sweetest Pie,"Megan Thee Stallion,Dua Lipa"
0.00402,0.957,137983,0.437,0.0,11,0.219,-7.882,1,0.359,130.058,4,0.616,1,Cry Baby (feat. DaBaby),"Megan Thee Stallion,DaBaby"
0.239,0.879,163173,0.498,0.0,4,0.0967,-6.027,0,0.18,106.044,4,0.405,1,Like That (feat. Gucci Mane),"Doja Cat,Gucci Mane"
0.0164,0.828,186173,0.621,0.00233,8,0.0845,-6.414,1,0.0565,128.986,4,0.436,1,You Right,"Doja Cat,The Weeknd"
0.282,0.76,225493,0.575,0.000383,6,0.0993,-4.06,1,0.0444,131.983,4,0.314,1,Do My Thang,Miley Cyrus
0.0232,0.59,213453,0.903,0.0,1,0.0786,-4.478,0,0.0363,107.023,4,0.542,1,7 Things - Single Version,Miley Cyrus
0.201,0.892,267266,0.714,0.000234,4,0.0521,-6.055,0,0.141,100.972,4,0.817,1,Rock Your Body,Justin Timberlake
0.113,0.563,222920,0.75,0.0,11,0.0788,-4.496,1,0.127,173.906,4,0.812,1,Rude Boy,Rihanna
0.191,0.756,246466,0.77,0.0,1,0.178,-3.502,1,0.0343,119.961,4,0.73,1,The Sweet Escape,"Gwen Stefani,Akon"
0.0872,0.792,156578,0.793,0.0,5,0.22,-6.185,0,0.0841,123.031,4,0.775,1,Tyler Herro,Jack Harlow
0.0175,0.886,207783,0.529,0.0,5,0.0997,-5.766,0,0.0383,99.023,4,0.262,1,Body Language,"Kid Ink,USHER,Tinashe"
0.392,0.856,266840,0.527,0.0,2,0.11,-5.225,1,0.0997,98.052,4,0.386,1,Don't Tell 'Em,"Jeremih,YG"
0.0259,0.865,153000,0.614,0.0,8,0.434,-6.782,1,0.278,160.032,4,0.642,1,It's Givin,Latto
0.0606,0.79,200135,0.614,0.0,9,0.239,-6.958,0,0.0991,145.907,4,0.63,1,Muwop (feat. Gucci Mane),"Latto,Gucci Mane"
0.351,0.905,113237,0.528,0.0,1,0.149,-5.116,1,0.0721,105.99,4,0.179,1,On God,Latto
0.511,0.898,194526,0.748,0.0,6,0.171,-6.137,1,0.275,94.997,4,0.661,1,In n Out (feat. City Girls),"Latto,City Girls"
0.0662,0.834,224119,0.531,0.0,1,0.136,-5.708,1,0.36,150.126,4,0.415,1,B*tch From Da Souf (Remix),"Latto,Trina,Saweetie"
0.244,0.812,128156,0.621,0.0,5,0.099,-8.3,1,0.0515,77.998,4,0.847,1,My Shit,A Boogie Wit da Hoodie
0.0569,0.906,292373,0.583,0.0,8,0.126,-7.721,0,0.317,129.056,4,0.829,1,Fergalicious,"Fergie,will.i.am"
0.07,0.869,151146,0.59,0.0,11,0.236,-8.214,1,0.257,107.934,4,0.479,1,Daddy (feat. Rich The Kid),"Blueface,Rich The Kid"
0.00263,0.817,190288,0.816,0.0,2,0.159,-5.402,1,0.269,181.982,4,0.508,1,Stir Fry,Migos
0.0646,0.95,257545,0.743,1.11e-05,10,0.103,-5.861,0,0.238,136.983,4,0.619,1,Get Right Witcha,Migos
0.00214,0.916,219706,0.727,0.000145,1,0.118,-6.556,1,0.0861,94.997,4,0.201,1,Lemon,"N.E.R.D,Rihanna,Pharrell Williams"
0.00427,0.762,232093,0.666,0.0,0,0.127,-6.055,1,0.0916,118.97,4,0.278,1,Really Really,Kevin Gates
0.522,0.745,181154,0.669,0.0,9,0.154,-3.613,1,0.129,143.164,4,0.699,1,Cash Machine,DRAM
0.052,0.817,209142,0.587,0.00165,2,0.185,-6.502,1,0.108,140.062,4,0.352,1,Met Gala (feat. Offset),"Gucci Mane,Offset"
0.199,0.893,229601,0.463,0.0,1,0.318,-5.301,1,0.36,81.026,4,0.591,1,WHOLE LOTTA MONEY (feat. Nicki Minaj) - Remix,"BIA,Nicki Minaj"
0.0688,0.716,186120,0.858,2.87e-06,7,0.0801,-3.468,0,0.0422,155.41,4,0.67,1,Lights Down Low (feat. Waka Flocka Flame),"Maejor,Waka Flocka Flame"
0.405,0.573,312026,0.495,0.0,8,0.0969,-7.245,0,0.592,179.196,3,0.255,1,Only,"Nicki Minaj,Drake,Lil Wayne,Chris Brown"
0.000707,0.365,248586,0.751,0.0,2,0.318,-5.429,1,0.304,79.119,4,0.604,1,6 Foot 7 Foot,"Lil Wayne,Cory Gunz"
0.214,0.77,241306,0.609,0.0,1,0.166,-5.894,1,0.345,90.952,4,0.631,1,London Bridge,Fergie
0.0301,0.772,135746,0.878,2.18e-06,2,0.251,-4.22,1,0.324,61.311,5,0.305,1,Element,Pop Smoke
0.00541,0.619,253400,0.709,0.0,7,0.507,-4.633,1,0.0395,144.972,4,0.68,1,Party Like A Rock Star,SHOP BOYZ
0.0506,0.729,250666,0.658,0.0,10,0.0693,-3.386,0,0.225,140.043,3,0.551,1,Kiss Kiss (feat. T-Pain),"Chris Brown,T-Pain"
0.00575,0.711,252069,0.611,0.0,1,0.231,-5.453,1,0.329,134.14,4,0.144,1,family ties (with Kendrick Lamar),"Baby Keem,Kendrick Lamar"
0.219,0.7,235186,0.554,1.36e-06,1,0.419,-5.909,1,0.187,97.127,4,0.0633,1,Beware,"Big Sean,Lil Wayne,Jhené Aiko"
0.00466,0.667,316733,0.582,0.0,11,0.124,-5.791,0,0.267,121.972,4,0.141,1,range brothers (with Kendrick Lamar),"Baby Keem,Kendrick Lamar"
0.177,0.83,129882,0.564,0.0,1,0.128,-7.822,1,0.235,85.042,4,0.107,1,ORANGE SODA,Baby Keem
0.104,0.741,302376,0.861,0.0,6,0.281,-3.543,1,0.0309,115.005,4,0.889,1,Fuck Her Brains Out,Montana of 300
0.722,0.74,181023,0.456,2.65e-06,8,0.128,-7.874,1,0.062,124.995,4,0.63,1,All Mine,"Durte Dom,The Image"
0.0362,0.83,233373,0.672,0.0,11,0.106,-4.199,1,0.333,140.081,4,0.406,1,15th and the 1st (feat. YG Hootie),"Gucci Mane,Waka Flocka Flame"
0.167,0.28,256161,0.821,0.0,8,0.139,-2.864,0,0.111,181.444,3,0.254,1,Dark Knight Dummo,"Trippie Redd,Travis Scott"
0.109,0.773,220586,0.75,0.0,8,0.174,-4.009,0,0.117,123.426,4,0.783,1,20 Min,Lil Uzi Vert
0.0168,0.913,177704,0.625,0.0,10,0.125,-6.901,0,0.334,126.915,4,0.298,1,Said Sum (feat. City Girls & DaBaby) - Remix,"Moneybagg Yo,City Girls,DaBaby"
0.107,0.782,203043,0.844,1.12e-06,10,0.295,-4.142,0,0.23,77.435,4,0.76,1,Like That Bitch,Flo Milli
0.0539,0.878,234991,0.793,0.0,1,0.0934,-4.744,1,0.188,139.99,4,0.656,1,Not Friendly,Flo Milli
0.00488,0.934,155090,0.873,0.0,1,0.0832,-4.707,1,0.309,139.997,4,0.721,1,What’s New,Megan Thee Stallion
0.0133,0.95,184634,0.693,0.0,9,0.173,-3.424,1,0.0898,130.02,4,0.891,1,Thot Shit,Megan Thee Stallion
0.0853,0.573,339506,0.867,0.0,5,0.38,-2.876,0,0.168,74.861,4,0.231,1,Seeing Green (with Drake & Lil Wayne),"Nicki Minaj,Drake,Lil Wayne"
0.019,0.822,211013,0.654,0.0,0,0.233,-4.623,1,0.132,119.884,4,0.421,1,Tia Tamera (feat. Rico Nasty),"Doja Cat,Rico Nasty"
0.00126,0.949,211029,0.642,0.0,9,0.166,-4.163,1,0.232,142.003,4,0.848,1,Toot That (feat. DreamDoll & BeatKing),"Erica Banks,DreamDoll,BeatKing"
0.129,0.69,222933,0.834,0.0,0,0.136,-5.79,1,0.0566,127.43,4,0.738,1,Fuck You,CeeLo Green
0.0192,0.717,216520,0.587,0.0,4,0.0523,-7.296,0,0.0339,129.954,4,0.544,1,If U Seek Amy,Britney Spears
0.00271,0.523,226640,0.941,0.0,9,0.108,-4.484,0,0.0679,107.111,4,0.591,1,Piensas (Dile la Verdad) (feat. Gente de Zona),"Pitbull,Gente De Zona"
0.0422,0.706,218693,0.814,0.0,0,0.134,-3.253,1,0.0614,127.959,4,0.774,1,I'm A Freak,"Enrique Iglesias,Pitbull"
0.00355,0.794,269640,0.695,0.0,1,0.0883,-6.692,1,0.15,108.071,4,0.364,1,Bojangles (Remix),"Pitbull,Lil Jon,Ying Yang Twins"
0.0209,0.646,231786,0.94,0.0,10,0.0691,-2.856,0,0.0838,129.011,4,0.704,1,I Like It,"Enrique Iglesias,Pitbull"
0.156,0.793,202306,0.774,0.0,0,0.193,-3.667,0,0.0478,113.967,4,0.547,1,Fun (feat. Chris Brown),"Pitbull,Chris Brown"
0.0302,0.796,209453,0.84,0.0,10,0.0676,-4.285,0,0.15,114.935,4,0.842,1,Jungle (feat. E-40 & Abraham Mateo),"Pitbull,Stereotypes,E-40,Abraham Mateo"
0.0256,0.624,215106,0.852,1.42e-06,8,0.147,-2.562,0,0.107,105.028,4,0.73,1,Can't Have (feat. Steven A. Clark & Ape Drums),"Pitbull,Steven A. Clark,Ape Drums"
0.279,0.697,245360,0.832,0.0,1,0.358,-5.603,0,0.267,115.05,4,0.633,1,Greenlight (feat. Flo Rida & LunchMoney Lewis),"Pitbull,Flo Rida,LunchMoney Lewis"
0.00502,0.612,231573,0.908,0.0,5,0.821,-2.105,1,0.0648,127.906,4,0.272,1,Rain Over Me (feat. Marc Anthony),"Pitbull,Marc Anthony"
0.0156,0.566,179978,0.66,0.0,1,0.234,-4.039,1,0.0479,162.159,3,0.52,1,Cuz I Love You,Lizzo
0.392,0.693,173946,0.46,0.0,0,0.157,-7.912,0,0.226,78.09,4,0.873,1,Spice Girl,Aminé
0.0578,0.906,226845,0.596,0.0,0,0.109,-5.88,0,0.243,144.038,4,0.701,1,GRoCERIES,"Chance the Rapper,TisaKorean,Murda Beatz"
0.037,0.607,198400,0.941,0.0137,11,0.321,-3.807,0,0.481,75.401,4,0.521,1,Griztronics,"GRiZ,Subtronics"
0.0645,0.95,170977,0.891,1.77e-05,2,0.309,-2.653,1,0.241,133.01,4,0.912,1,Super Freaky Girl,Nicki Minaj
0.0409,0.787,219026,0.666,1.91e-05,11,0.296,-4.475,1,0.0485,140.008,4,0.485,1,"Work Hard, Play Hard",Wiz Khalifa
0.00721,0.877,216135,0.56,1.45e-06,7,0.0839,-3.751,1,0.0596,119.971,4,0.154,1,Cash In Cash Out,"Pharrell Williams,21 Savage,Tyler, The Creator"
0.359,0.588,314305,0.887,0.0,9,0.314,-6.924,1,0.0458,128.105,4,0.619,1,Automatic X Levels X No Hands,Trophy
0.268,0.783,264000,0.764,1.13e-06,8,0.114,-5.146,1,0.289,145.884,4,0.419,1,Bricks,"Carnage,Migos"
0.0124,0.87,156367,0.561,0.0,7,0.103,-10.388,1,0.186,100.458,4,0.691,1,4 Da Gang (with Roddy Ricch),"42 Dugg,Roddy Ricch"
0.0182,0.718,159452,0.684,0.0,11,0.233,-5.16,0,0.248,146.084,4,0.856,1,Demon Time (feat. Ski Mask The Slump God),"Trippie Redd,Ski Mask The Slump God"
0.0912,0.814,190344,0.614,0.0,0,0.102,-6.934,0,0.151,145.013,4,0.361,1,Payday,"Bando.,Isaiah Rashad"
0.0135,0.794,195873,0.766,0.0,9,0.0785,-3.894,0,0.0377,127.007,4,0.55,1,The Spins,Mac Miller
0.00184,0.933,187940,0.757,0.0,2,0.135,-3.212,1,0.117,137.993,4,0.544,1,Don’t Stop (feat. Young Thug),"Megan Thee Stallion,Young Thug"
0.48,0.881,221240,0.441,9.08e-06,11,0.119,-6.278,0,0.0646,138.014,4,0.804,1,Day 'N' Nite (nightmare),Kid Cudi
0.0159,0.718,213106,0.691,0.0,4,0.0627,-6.44,1,0.0387,100.008,4,0.552,1,Gives You Hell,The All-American Rejects
0.000449,0.317,175200,0.887,9.23e-06,0,0.363,-4.525,1,0.0472,174.009,4,0.544,1,Scotty Doesn't Know,Lustra
0.00175,0.607,202666,0.805,0.0,11,0.231,-5.579,0,0.0608,139.894,4,0.232,1,STARSTRUKK (feat. Katy Perry),"3OH!3,Katy Perry,Matt Squire"
0.03,0.538,183106,0.876,0.0,1,0.251,-3.559,1,0.139,83.949,4,0.527,1,Touchin on My,3OH!3
0.0134,0.671,203920,0.805,0.0547,8,0.237,-3.232,0,0.081,132.051,4,0.866,1,Heads Will Roll - A-Trak Remix Radio Edit,"Yeah Yeah Yeahs,A-Trak"
0.406,0.475,279306,0.882,0.0,11,0.241,-3.883,1,0.351,98.001,4,0.369,1,Moment 4 Life,"Nicki Minaj,Drake"
0.0305,0.904,303076,0.518,0.0,2,0.325,-5.32,1,0.183,137.996,4,0.188,1,MotorSport,"Migos,Nicki Minaj,Cardi B"
0.414,0.798,164000,0.62,0.0192,8,0.112,-7.079,0,0.232,120.031,4,0.235,1,The Business,Tiësto
0.0274,0.642,203000,0.733,0.0,5,0.266,-5.001,0,0.0343,123.075,4,0.519,1,More Than You Know,Axwell /\ Ingrosso
0.198,0.77,140500,0.787,0.0,11,0.262,-3.748,0,0.0583,119.986,4,0.513,1,Don't Be Shy,"Tiësto,KAROL G"
0.115,0.9,99282,0.509,1.67e-06,1,0.0937,-6.647,1,0.257,100.007,4,0.765,1,BILLIE EILISH.,Armani White
0.00155,0.666,186266,0.899,0.0,8,0.0677,-4.676,1,0.028,122.05,4,0.629,1,Break Your Heart,"Taio Cruz,Ludacris"
0.0404,0.677,152913,0.744,0.00016,10,0.074,-6.806,0,0.0295,124.08,4,0.631,1,Piece Of Your Heart,"MEDUZA,Goodboys"
0.176,0.694,184560,0.77,1.1e-05,6,0.118,-5.335,1,0.149,125.905,4,0.163,1,In My Mind,"Dynoro,Gigi D'Agostino"
0.168,0.734,166028,0.874,1.14e-05,8,0.0489,-3.158,1,0.0662,122.953,4,0.905,1,Head & Heart (feat. MNEK),"Joel Corry,MNEK"
0.00125,0.649,230746,0.815,4.31e-05,3,0.671,-3.796,0,0.0415,126.03,4,0.765,1,Last Friday Night (T.G.I.F.),Katy Perry
0.000704,0.657,190185,0.827,0.00534,5,0.065,-4.036,1,0.0734,145.889,4,0.69,1,GDFR (feat. Sage the Gemini & Lookas),"Flo Rida,Sage The Gemini,Lookas"
0.0771,0.813,195853,0.627,0.000616,11,0.131,-5.018,0,0.0486,130.011,4,0.801,1,Sexy Bitch (feat. Akon),"David Guetta,Akon"
0.0195,0.629,207626,0.696,0.0,1,0.0554,-5.572,0,0.348,93.034,4,0.623,1,Gold Digger,"Kanye West,Jamie Foxx"
0.0139,0.703,178080,0.834,0.0,1,0.1,-5.134,1,0.0603,153.97,4,0.863,1,Dynasties & Dystopia (from the series Arcane League of Legends),"Denzel Curry,Gizzle,Bren Joy,Arcane,League of Legends"
0.343,0.759,174517,0.903,0.0,8,0.121,-5.287,0,0.0785,154.825,4,0.878,1,Drowning - Sped Up Version,"sped up nightcore,A Boogie Wit da Hoodie,Kodak Black"
0.00265,0.825,200547,0.414,0.0,2,0.357,-6.634,1,0.144,72.993,4,0.106,1,Super Gremlin,Kodak Black
0.000688,0.602,227986,0.843,5.27e-05,0,0.0682,-4.831,1,0.0593,128.003,4,0.526,1,Beauty And A Beat,"Justin Bieber,Nicki Minaj"
0.0584,0.967,242733,0.583,0.0,7,0.0519,-5.562,0,0.0789,117.0,4,0.964,1,SexyBack (feat. Timbaland),"Justin Timberlake,Timbaland"
0.00237,0.659,164761,0.844,8.98e-06,7,0.479,-6.947,1,0.0438,125.957,4,0.231,1,Love Me Again,Ellyphant
0.109,0.596,217346,0.738,0.0,8,0.0947,-3.109,1,0.0411,127.961,4,0.461,1,Stay The Night - Featuring Hayley Williams Of Paramore,"Zedd,Hayley Williams"
0.129,0.598,168387,0.526,0.0,10,0.14,-8.659,0,0.0415,123.935,4,0.529,1,Lose Control,"MEDUZA,Becky Hill,Goodboys"
0.0586,0.493,126774,0.844,0.0,11,0.663,-5.063,0,0.25,122.313,4,0.496,1,Bounce,"EQRIC,PHARAØH,Timmy Commerford"
0.0195,0.567,205120,0.863,8e-05,3,0.45,-4.916,1,0.111,126.012,4,0.675,1,Good Time,"Owl City,Carly Rae Jepsen"
0.00281,0.633,197124,0.976,1.29e-05,8,0.382,-5.362,1,0.0519,142.027,4,0.493,1,Every time we touch,Cascada
0.041,0.432,250285,0.781,4.21e-06,4,0.0789,-4.038,0,0.0567,139.432,4,0.197,1,Where Are Ü Now (with Justin Bieber),"Jack Ü,Skrillex,Diplo,Justin Bieber"
0.0211,0.596,222533,0.856,0.0178,4,0.141,-3.556,0,0.0346,127.949,4,0.743,1,Summer,Calvin Harris
0.00618,0.431,219306,0.862,0.0,7,0.322,-7.005,0,0.428,124.93,4,0.696,1,Like A G6,"Far East Movement,The Cataracs,DEV"
0.0195,0.76,205884,0.696,0.0,0,0.278,-5.811,1,0.0491,127.029,4,0.903,1,Evacuate The Dancefloor,Cascada
0.00113,0.352,222106,0.928,0.0,1,0.0987,-3.71,1,0.0758,148.026,4,0.239,1,Mr. Brightside,The Killers
9.04e-05,0.497,197200,0.97,0.000674,10,0.101,-4.851,0,0.0836,138.081,4,0.689,1,Somebody Told Me,The Killers
0.00165,0.662,188960,0.741,0.0303,0,0.114,-5.406,1,0.0334,131.0,4,0.404,1,Since U Been Gone,Kelly Clarkson
0.00166,0.423,206520,0.94,0.0,1,0.178,-4.012,0,0.0635,149.934,4,0.505,1,The Great Escape,BOYS LIKE GIRLS
0.0619,0.781,235613,0.526,0.0,6,0.0457,-6.985,0,0.293,94.992,4,0.662,1,Thrift Shop (feat. Wanz),"Macklemore & Ryan Lewis,Wanz"
0.259,0.822,283747,0.969,0.000153,7,0.39,-11.471,0,0.0582,128.007,4,0.765,1,Blue (Da Ba Dee) - Gabry Ponte Ice Pop Radio,"Eiffel 65,Gabry Ponte"
0.0895,0.729,229346,0.801,0.0,5,0.766,-5.698,0,0.0529,123.995,4,0.764,1,Time of Our Lives,"Pitbull,Ne-Yo"
0.00105,0.676,303773,0.865,0.648,1,0.382,-6.381,1,0.0389,128.006,4,0.0372,1,Animals,Martin Garrix
0.00314,0.645,215672,0.585,0.0,6,0.165,-6.122,1,0.0513,131.931,4,0.353,1,Dark Horse,"Katy Perry,Juicy J"
0.0181,0.62,229573,0.869,0.0,1,0.369,-5.252,1,0.175,151.684,4,0.76,1,E.T.,"Katy Perry,Kanye West"
0.0819,0.632,147227,0.929,7.59e-05,5,0.376,-4.639,0,0.0417,128.006,4,0.431,1,Rhythm Is A Dancer,Braaheim
0.0282,0.671,189126,0.916,0.00762,6,0.24,-4.014,0,0.0397,126.01,4,0.803,1,No Money,Galantis
0.00711,0.506,227073,0.805,0.00193,1,0.0856,-4.119,1,0.0469,126.008,4,0.383,1,Runaway (U & I),Galantis
0.0994,0.791,206066,0.59,0.00203,1,0.065,-9.206,0,0.0793,119.951,4,0.714,1,Alors on danse - Radio Edit,Stromae
0.171,0.727,284733,0.729,0.0,0,0.07,-2.99,1,0.326,117.932,4,0.512,1,American Boy,"Estelle,Kanye West"
0.0112,0.687,165752,0.818,0.0,0,0.248,-4.221,1,0.0778,125.952,4,0.886,1,Deep Down (feat. Never Dull),"Alok,Ella Eyre,Kenny Dope,Never Dull"
0.00569,0.894,216333,0.678,2.43e-06,6,0.317,-5.611,0,0.0523,105.024,4,0.844,1,LoveGame,Lady Gaga
0.0525,0.715,207333,0.655,0.0,0,0.115,-6.425,1,0.137,95.078,4,0.531,1,"Young, Wild & Free (feat. Bruno Mars)","Snoop Dogg,Wiz Khalifa,Bruno Mars"
0.009,0.72,204640,0.672,0.0,7,0.232,-6.852,1,0.0551,124.986,4,0.705,1,Right Round,Flo Rida
0.0183,0.894,250373,0.791,0.0,2,0.0388,-4.699,1,0.112,105.018,4,0.583,1,Yeah! (feat. Lil Jon & Ludacris),"USHER,Lil Jon,Ludacris"
0.0113,0.767,243533,0.682,0.00016,1,0.104,-5.02,1,0.042,127.975,4,0.833,1,S&M,Rihanna
0.0189,0.75,262173,0.727,0.0,5,0.266,-4.21,0,0.142,129.993,4,0.359,1,Party Rock Anthem,"LMFAO,Lauren Bennett,GoonRock"
0.0074,0.714,150476,0.874,0.000196,1,0.383,-5.385,0,0.0998,126.028,4,0.581,1,Be My Lover,"Owen Norton,Masove,Ava Silver"
0.173,0.706,182306,0.751,0.0,9,0.168,-6.323,1,0.0708,91.031,4,0.195,1,Replay,Iyaz
0.223,0.789,166793,0.72,0.0,8,0.129,-5.652,0,0.218,122.031,4,0.664,1,Breaking Me,"Topic,A7S"
0.0679,0.604,245040,0.787,0.15,0,0.127,-3.674,0,0.103,126.062,4,0.301,1,Titanium (feat. Sia),"David Guetta,Sia"
0.00379,0.751,202613,0.783,0.0,4,0.036,-3.724,1,0.0859,119.975,4,0.816,1,Dynamite,Taio Cruz
0.101,0.768,173026,0.864,0.0,11,0.162,-6.145,1,0.0324,110.008,4,0.891,1,Wannabe,Spice Girls
0.00883,0.702,203064,0.825,0.0,6,0.0674,-3.787,0,0.0601,102.977,4,0.915,1,Levitating (feat. DaBaby),"Dua Lipa,DaBaby"
0.0846,0.4,198773,0.915,0.0,0,0.0503,-4.89,1,0.28,88.917,3,0.878,1,Danza Kuduro,"Don Omar,Lucenzo"
0.00104,0.614,264520,0.879,0.00438,0,0.41,-4.422,1,0.056,131.092,4,0.407,1,Marry The Night,Lady Gaga
0.00991,0.544,157138,0.786,0.0,8,0.169,-2.97,1,0.0501,153.967,4,0.446,1,10 Things I Hate About You,Leah Kate
0.182,0.874,216247,0.706,0.0,1,0.334,-5.132,1,0.207,89.961,4,0.895,1,Fight Night,Migos
0.00101,0.735,212280,0.826,0.129,1,0.197,-4.902,1,0.0349,132.964,4,0.74,1,Shut Up And Drive,Rihanna
0.0609,0.854,205040,0.569,0.0816,5,0.1,-8.151,0,0.106,80.015,4,0.294,1,Praise The Lord (Da Shine) (feat. Skepta),"A$AP Rocky,Skepta"
0.121,0.733,192840,0.67,0.0,5,0.121,-6.009,1,0.0751,100.964,4,0.472,1,I Like You (A Happier Song) (with Doja Cat),"Post Malone,Doja Cat"
0.061,0.574,208400,0.913,0.00158,6,0.156,-4.793,0,0.133,115.728,4,0.423,1,Highway to Hell,AC/DC
0.0782,0.673,289746,0.614,0.0,7,0.139,-5.426,1,0.103,176.052,4,0.362,1,Blame It,"Jamie Foxx,T-Pain"
0.0332,0.754,198973,0.449,8.29e-05,7,0.552,-9.211,1,0.109,77.169,4,0.357,1,God's Plan,Drake
0.00316,0.863,142600,0.905,0.000127,4,0.0621,-4.652,0,0.173,123.983,4,0.762,1,Woo Tang Wit It - radio,DJ Chipman
0.0125,0.9,167386,0.499,0.00222,8,0.107,-8.477,0,0.219,97.506,4,0.232,1,No Ex's,"Sage The Gemini,03 Greedo"
0.00748,0.51,153893,0.774,0.0,8,0.117,-6.136,1,0.0928,170.222,4,0.882,1,Slide,Chris Brown
0.00587,0.755,215364,0.615,1.75e-06,4,0.109,-8.245,1,0.0454,105.955,4,0.039,1,Topanga,Trippie Redd
0.0093,0.649,213066,0.931,0.0,1,0.751,-3.15,0,0.181,153.645,4,0.744,1,Pump It,Black Eyed Peas
0.000702,0.766,172106,0.661,0.045,1,0.36,-6.528,1,0.0944,169.949,4,0.629,1,Can't Believe It (feat. 2 Chainz),"Kid Cudi,2 Chainz"
0.401,0.679,133506,0.701,0.0581,2,0.138,-6.638,1,0.0401,80.988,4,0.935,1,Livin' My Truth,Kid Cudi
0.0604,0.624,211506,0.691,1.1e-05,0,0.138,-6.686,0,0.196,160.024,4,0.284,1,Dancing With Our Hands Tied,Taylor Swift
0.106,0.615,236413,0.534,1.76e-05,9,0.0607,-6.719,0,0.0386,135.917,4,0.193,1,Don’t Blame Me,Taylor Swift
0.0156,0.567,207133,0.789,0.0,5,0.382,-5.986,1,0.115,163.96,4,0.438,1,This Is Why We Can't Have Nice Things,Taylor Swift
0.00446,0.791,234653,0.754,0.0,0,0.163,-3.729,1,0.0569,125.014,4,0.425,1,California Gurls,"Katy Perry,Snoop Dogg"
0.00537,0.662,210200,0.819,0.0,6,0.0498,-4.609,1,0.124,122.951,4,0.801,1,Blackout,Breathe Carolina
0.202,0.759,211066,0.699,0.000131,0,0.443,-5.745,0,0.0307,92.96,4,0.907,1,...Baby One More Time,Britney Spears
0.25,0.788,251240,0.844,0.000678,2,0.0723,-3.131,1,0.0334,113.324,4,0.382,1,Gimme More,Britney Spears
0.000754,0.587,180842,0.722,0.668,2,0.543,-6.983,0,0.0709,121.964,4,0.466,1,Baianá,Bakermat
0.0703,0.716,386906,0.531,0.0,7,0.224,-7.355,1,0.122,71.994,4,0.344,1,Money Trees,"Kendrick Lamar,Jay Rock"
0.000486,0.687,175719,0.881,0.00609,4,0.214,-5.325,1,0.0428,126.094,4,0.276,1,Never Felt A Love Like This (feat. Dotan) - Raven & Kreyn Remix,"Galantis,Hook N Sling,Dotan,Raven & Kreyn"
0.0369,0.7,228453,0.598,0.0,2,0.111,-7.783,1,0.114,160.041,4,0.594,1,Down On Me,"Jeremih,50 Cent"
0.506,0.855,174253,0.488,0.0,3,0.347,-4.601,1,0.208,124.097,4,0.619,1,Ain't Shit,Doja Cat
0.0503,0.561,239359,0.52,1.86e-06,11,0.355,-9.342,0,0.244,153.15,3,0.424,1,Rich Flex,"Drake,21 Savage"
0.00496,0.806,251333,0.558,1.45e-06,8,0.16,-6.538,1,0.172,85.011,4,0.26,1,Sneakin’,"Drake,21 Savage"
0.127,0.789,219333,0.858,0.0,1,0.349,-5.542,1,0.311,140.022,4,0.775,1,Ni**as In Paris,"JAY-Z,Kanye West"
0.0652,0.486,123890,0.545,0.00474,11,0.0642,-7.924,1,0.0336,150.187,4,0.0385,1,Just Wanna Rock,Lil Uzi Vert
0.00529,0.613,249193,0.919,0.000367,7,0.167,-6.725,0,0.0672,123.965,4,0.198,1,Sweater Weather - Remix,"Öwnboss,Double MZK"
0.0558,0.633,158167,0.478,0.0,8,0.202,-8.039,1,0.044,169.961,4,0.441,1,My Friends (feat. Lil Durk),"Ty Dolla $ign,Mustard,Lil Durk"
0.292,0.801,236280,0.819,0.0,11,0.515,-5.189,1,0.158,139.969,4,0.811,1,Fashion Killa,A$AP Rocky
0.0997,0.792,96052,0.779,0.000409,2,0.147,-8.757,1,0.329,159.963,4,0.406,1,Kid Cudi - Remix,Xavier Wulf
0.0623,0.632,231124,0.773,0.0,6,0.0885,-4.856,1,0.0346,130.033,4,0.474,1,You Belong With Me (Taylor’s Version),Taylor Swift
0.142,0.821,142657,0.636,0.0,11,0.233,-4.479,1,0.169,127.961,4,0.163,1,HOTEL LOBBY (Unc & Phew),"Quavo,Takeoff"
0.117,0.938,123672,0.606,0.0,6,0.528,-6.396,0,0.419,121.108,4,0.706,1,SLUT ME OUT,NLE Choppa
0.0462,0.584,199906,0.889,0.828,1,0.309,-5.941,0,0.0343,126.04,4,0.464,1,Levels - Radio Edit,Avicii
0.00383,0.561,175238,0.965,7.07e-06,7,0.371,-3.673,0,0.0343,128.04,4,0.304,1,I'm Good (Blue),"David Guetta,Bebe Rexha"
0.258,0.785,193234,0.903,0.0,2,0.169,-4.184,1,0.21,139.98,4,0.565,1,Sky,Playboi Carti
